,Number,1,2,3,4,5,6,7,8,9,10,11,12,13,14,15,16,17,18,19,20,21,22,23,24,25,26,27,28,29,30,31,32,33,34,35,36,a0,a00
0,1,,1.0,,,,,,,1.0,1.0,1.0,1.0,1.0,,,,,,,,,,,,,,,,,,1.0,1.0,,1.0,,,,1.0
1,2,1.0,,1.0,1.0,,,1.0,1.0,,,,,,,,1.0,,,,1.0,,1.0,1.0,,,,,,,,,,,1.0,,,,1.0
2,3,,,,,,,1.0,,1.0,1.0,,1.0,1.0,1.0,,1.0,,1.0,,,,1.0,,,,,1.0,1.0,,,,,,,,1.0,,1.0
3,4,1.0,,,1.0,,1.0,,1.0,,,,,,1.0,1.0,1.0,,,1.0,,,,1.0,,,,,,,,,1.0,,,,,,
4,5,,,1.0,,,1.0,,,1.0,,1.0,1.0,,1.0,,,1.0,1.0,,,,1.0,,,,1.0,1.0,,,,,,1.0,,,,1.0,1.0
5,6,,,,,1.0,,,,1.0,,,,,,,1.0,,1.0,,,,1.0,,1.0,,,,,,,,,1.0,1.0,,,,
6,7,1.0,,,,,,1.0,,,,,1.0,,,,,,1.0,,1.0,,,1.0,,,,1.0,,,,,,,,1.0,,,
7,8,,,1.0,1.0,,1.0,,1.0,,1.0,,,,,,,,,1.0,,,1.0,,,1.0,,1.0,1.0,,,,,1.0,,,,,1.0
8,9,,1.0,1.0,,,,,1.0,,,,,1.0,,,,,1.0,,,1.0,1.0,,1.0,1.0,1.0,,,1.0,,,,1.0,,,,,
9,10,,1.0,1.0,,,,,,,1.0,,,1.0,,,1.0,,1.0,1.0,,1.0,,,,1.0,1.0,,,,,,,1.0,,,1.0,,
10,11,,,1.0,,,1.0,1.0,,1.0,,1.0,1.0,,,1.0,,,,,1.0,,,1.0,,1.0,1.0,,,,,1.0,,1.0,1.0,1.0,,,
11,12,,1.0,1.0,,,,,,,,1.0,,1.0,1.0,,,,1.0,1.0,,,,1.0,,,,,,,1.0,,,1.0,1.0,,,,
12,13,,,,,1.0,,,,,1.0,,,1.0,1.0,,,,1.0,1.0,,1.0,,1.0,,,,1.0,1.0,1.0,,,1.0,,1.0,1.0,,,
13,14,,,,,,,,,,,1.0,1.0,,1.0,1.0,,,1.0,,1.0,,1.0,,1.0,,,,,,1.0,1.0,1.0,,,1.0,1.0,1.0,
14,15,1.0,,1.0,,,,,1.0,,1.0,,,1.0,,,,,,,,,,,,,,,,1.0,,,,1.0,,,1.0,,
15,16,1.0,1.0,,,1.0,,,1.0,,1.0,,,,,,,,1.0,1.0,,,,,,,,,1.0,1.0,,1.0,1.0,,,1.0,,,
16,17,,,,,,,1.0,,1.0,,,1.0,1.0,,,,1.0,,,,1.0,1.0,,1.0,,1.0,,,1.0,,,,1.0,,,,,
17,18,,,,1.0,,,,,1.0,1.0,,,,1.0,,1.0,,1.0,1.0,,,1.0,1.0,,,1.0,1.0,,,,1.0,,1.0,1.0,,1.0,,1.0
18,19,,,,,1.0,,,1.0,1.0,,1.0,,,,,1.0,,,1.0,,,1.0,,1.0,1.0,1.0,1.0,,,,,,1.0,,,,,1.0
19,20,1.0,,,,1.0,,,,,,1.0,,,1.0,,,,,,1.0,,,1.0,1.0,,,1.0,,,,,,1.0,1.0,1.0,1.0,,1.0
20,21,,1.0,,1.0,,,,,1.0,,,,,,,,,,,,,,,,,,,,1.0,,1.0,,,,1.0,,1.0,
21,22,,1.0,,,,,1.0,,,,1.0,1.0,,1.0,,1.0,1.0,,1.0,,,,,1.0,1.0,,1.0,,,1.0,1.0,,1.0,1.0,1.0,,1.0,
22,23,,,1.0,,1.0,,,1.0,,,1.0,,1.0,1.0,1.0,,1.0,,,,,,,,,,1.0,1.0,,,,,,,,1.0,,1.0
23,24,,1.0,,,,,,,,,,1.0,1.0,1.0,,,1.0,,1.0,1.0,,,,,1.0,,,,,,,,,,,,,1.0
24,25,,,,,,,,1.0,1.0,,,1.0,,,1.0,,,,,1.0,,1.0,,,,1.0,,,1.0,,,1.0,1.0,,,,1.0,
25,26,,,,,,,,,,,1.0,,1.0,,,1.0,,1.0,,,1.0,,,,1.0,1.0,,1.0,,1.0,,1.0,,1.0,1.0,1.0,,
26,27,,,,,1.0,,1.0,1.0,,1.0,,,,,1.0,,1.0,,,1.0,,1.0,,,,1.0,1.0,,,,,,,1.0,,,1.0,
27,28,1.0,,1.0,1.0,1.0,,,,1.0,,,,1.0,,,,,,,,,,,,,,,,,,,,,1.0,,,,
28,29,,,,,,1.0,,,,,1.0,,1.0,,,,1.0,1.0,,,,1.0,,,1.0,,,1.0,,,,,1.0,,,,,
29,30,1.0,,1.0,,,,,1.0,,1.0,,,1.0,1.0,,,,,,1.0,,,,,,,,,,,1.0,,,,,,,
30,31,,,,1.0,,,1.0,,,1.0,,,,,1.0,,,,,,,1.0,1.0,,,,,,1.0,,,1.0,1.0,,1.0,1.0,,1.0
31,32,,,,,,,,,,1.0,,1.0,,1.0,1.0,,,,,,,1.0,1.0,,,,,,,,,,,,,1.0,,1.0
32,33,1.0,,1.0,,1.0,1.0,1.0,,,,,,,1.0,,,1.0,,,1.0,,1.0,,1.0,,,1.0,,1.0,,1.0,,1.0,,,1.0,,
33,34,,1.0,,,1.0,1.0,,,,,,,,,,1.0,,,1.0,,,1.0,,,1.0,1.0,,,1.0,1.0,,,1.0,,1.0,,1.0,
34,35,,,,1.0,1.0,,,,,1.0,,,,1.0,,,1.0,1.0,,,,,1.0,,,1.0,,,1.0,1.0,,,,,,1.0,,
35,36,1.0,1.0,,,,,,1.0,1.0,,1.0,,,,,,1.0,1.0,1.0,,1.0,1.0,,1.0,1.0,,,,,1.0,1.0,1.0,,,,1.0,,1.0
36,a0,1.0,1.0,,,,,1.0,,,,,,1.0,,,,,,,,,,1.0,,1.0,,,1.0,,1.0,1.0,,,,,1.0,1.0,
37,a00,,,1.0,1.0,1.0,,,,1.0,,,,1.0,,1.0,1.0,,1.0,1.0,1.0,1.0,,,,,,,,,,,,,1.0,1.0,,1.0,
38,1,,2.0,,2.0,,,,,2.0,,,,2.0,,2.0,,,,,,,,2.0,,,,,,2.0,2.0,,,,,,2.0,,
39,2,2.0,,,,,2.0,,,,2.0,2.0,,,,,,,2.0,,2.0,,,2.0,,,2.0,2.0,,,,,,,,2.0,2.0,2.0,2.0
40,3,2.0,,2.0,,2.0,,2.0,,,,,,,,,2.0,2.0,,2.0,,2.0,,,,,2.0,,,,2.0,,,2.0,,,2.0,,
41,4,,,2.0,,,2.0,,,,2.0,2.0,,,2.0,,2.0,,,,,,2.0,,,2.0,2.0,2.0,,,,,,,,,2.0,2.0,2.0
42,5,,2.0,,,,,,,,,2.0,,,2.0,,,,,2.0,2.0,,,,,,,2.0,,2.0,,,,2.0,,,,2.0,2.0
43,6,,,,,,2.0,2.0,,,,2.0,,2.0,,2.0,,2.0,,,,,,,2.0,2.0,2.0,,,2.0,,,,,,,,2.0,2.0
44,7,,,,2.0,,,,,,2.0,2.0,,,,,,2.0,2.0,,,,,,,,,,2.0,,,2.0,2.0,,,,,,
45,8,,,,,,,,,2.0,2.0,,,,,2.0,,,,,,,,,,,2.0,,,,,,,2.0,,,,,
46,9,,,,2.0,,,2.0,,,2.0,2.0,2.0,,,,,,,,2.0,2.0,,2.0,2.0,,2.0,2.0,,,,2.0,2.0,,,,,,
47,10,,,,2.0,,,2.0,2.0,,,,2.0,,2.0,2.0,,,,2.0,,,2.0,,,,2.0,2.0,2.0,2.0,,,,2.0,,,,2.0,
48,11,,,2.0,,2.0,,,,,,,,,,2.0,,2.0,2.0,2.0,2.0,2.0,,2.0,,,,2.0,,,2.0,,2.0,,,,2.0,,
49,12,,,2.0,2.0,,,,,,,,2.0,2.0,2.0,,2.0,,,,,,,,,,,,2.0,,2.0,,,,,2.0,,2.0,
50,13,,,,,,,,,2.0,,2.0,,,,,2.0,,,2.0,,,,,2.0,,,2.0,2.0,,2.0,,,,2.0,,,,
51,14,,,,,,2.0,,,2.0,,,,2.0,,,,,2.0,,,,2.0,,2.0,,2.0,2.0,,2.0,,2.0,,,2.0,,2.0,,
52,15,,,2.0,2.0,2.0,,,,,,,,,,,,2.0,,,2.0,,,,,,,,2.0,,,,,,2.0,,2.0,,
53,16,2.0,,,,,,2.0,,2.0,,,2.0,2.0,2.0,2.0,,,2.0,2.0,,,,,,,,2.0,,,,2.0,,2.0,,,,,
54,17,,2.0,,,2.0,,,,2.0,2.0,2.0,,2.0,2.0,,,2.0,,2.0,2.0,,,2.0,2.0,2.0,,,2.0,,,2.0,2.0,2.0,,,,,2.0
55,18,,,,2.0,,,,,,,,2.0,,,,2.0,2.0,,2.0,2.0,,,,,2.0,2.0,,2.0,,,,2.0,2.0,,,,,2.0
56,19,2.0,,,2.0,2.0,,,,,2.0,2.0,2.0,,,,2.0,,2.0,2.0,,2.0,,2.0,,,2.0,,,,2.0,,,,2.0,,,,2.0
57,20,,,,,,,,,2.0,2.0,2.0,,,2.0,,,,,,,2.0,,,,,,,2.0,2.0,,2.0,2.0,,,,,,2.0
58,21,,2.0,,,2.0,,2.0,,2.0,,,,,,,,2.0,,,,,,,,2.0,2.0,2.0,2.0,,,,,,,,,,
59,22,2.0,,2.0,,,2.0,,,,,,,,,,,2.0,,2.0,,,,,,,,,,,,,2.0,,,,,,
60,23,,,2.0,2.0,,,,,,,,2.0,,2.0,,,,2.0,,,,,,,,2.0,,2.0,,2.0,2.0,,2.0,,,2.0,,
61,24,,2.0,,2.0,2.0,2.0,,,,,2.0,,,,2.0,,,2.0,,,,,,,,,2.0,,,2.0,,,,,2.0,,,2.0
62,25,,,,,,,,2.0,,,,,,,2.0,,2.0,2.0,,,2.0,,,,,,2.0,,2.0,,,,2.0,,,,,
63,26,2.0,2.0,,,,,,,,,,,,,,,,,2.0,,,,2.0,2.0,2.0,,,,2.0,2.0,2.0,2.0,,2.0,2.0,,,2.0
64,27,2.0,2.0,2.0,,,2.0,2.0,,2.0,2.0,,,,2.0,,2.0,2.0,,2.0,,2.0,,,2.0,,,,,,,,2.0,,,,,,2.0
65,28,,,2.0,,,2.0,,,2.0,,,,,,,,,,2.0,,,,,,,,,2.0,,,2.0,2.0,,2.0,,2.0,2.0,2.0
66,29,,2.0,,2.0,,,,,,,,,,2.0,,,,,,2.0,,2.0,,2.0,,,,,,2.0,,,,,2.0,,,
67,30,,,,,,,,2.0,,2.0,2.0,2.0,,,2.0,,,,2.0,2.0,2.0,2.0,,2.0,,2.0,2.0,,,,,,,,,2.0,,
68,31,,,,,2.0,,,2.0,,2.0,,2.0,2.0,,,2.0,,2.0,,,2.0,,,2.0,,,,,,,2.0,,,2.0,,,,
69,32,2.0,2.0,2.0,,2.0,,,,,2.0,2.0,2.0,,,,2.0,,,,2.0,,2.0,2.0,,,2.0,,,,,,,,,2.0,,2.0,2.0
70,33,,,,,2.0,2.0,,,,,,2.0,2.0,,,,2.0,,,,,,2.0,,,,,,,,2.0,,,2.0,2.0,2.0,,
71,34,,,,2.0,,2.0,,2.0,,,,,,2.0,,,,,2.0,,,,,,,,,,,2.0,,2.0,,,,,2.0,
72,35,,,2.0,,,2.0,,,,,,,,2.0,,,,,,,2.0,2.0,,,,,,,,,2.0,,,,,,2.0,2.0
73,36,2.0,,,,,,,,,,,,,,,2.0,,2.0,,2.0,,,,,2.0,,2.0,,,2.0,2.0,2.0,,2.0,,,2.0,2.0
74,a0,2.0,,,,2.0,,,,,,,,2.0,,,,2.0,2.0,2.0,2.0,,,2.0,,,,,,,,,,,2.0,,,,2.0
75,a00,,2.0,,2.0,2.0,,,,2.0,2.0,,,,,2.0,2.0,,,2.0,,,2.0,2.0,,,2.0,,,2.0,,2.0,,,2.0,,2.0,,2.0
76,1,,,3.0,,,,,,,,3.0,,3.0,,,3.0,3.0,,,,,,,3.0,,3.0,3.0,,3.0,,,3.0,3.0,,,3.0,,3.0
77,2,3.0,3.0,,3.0,,,3.0,,,3.0,,3.0,,3.0,,,,,,,,3.0,3.0,,3.0,,,,,3.0,3.0,3.0,,,,,,
78,3,3.0,,3.0,,3.0,,,3.0,,,,,3.0,3.0,,,,,3.0,,,,3.0,,,,,3.0,,,,,,3.0,3.0,3.0,,
79,4,,3.0,,,,,,,,,,,,,3.0,,,,3.0,3.0,,3.0,,3.0,3.0,,,3.0,,3.0,3.0,,,,,,3.0,
80,5,3.0,,,,,,,3.0,3.0,3.0,,,3.0,,,,,,,,,,3.0,,,,,3.0,3.0,,,,,,,,,
81,6,,,,,,,,,,,,,3.0,,,,,,3.0,,,,,,,,,3.0,,,,3.0,3.0,,,,,
82,7,3.0,,,,3.0,,3.0,,,,,3.0,,,,3.0,,,3.0,,3.0,,,,,,3.0,3.0,,,,3.0,,,,3.0,,3.0
83,8,,3.0,3.0,3.0,,3.0,,,3.0,3.0,3.0,,,3.0,3.0,3.0,,3.0,,,,,,,,,3.0,3.0,3.0,3.0,,,,,3.0,,,
84,9,,,,,,,,,,,,,3.0,,3.0,3.0,3.0,,,,3.0,,,3.0,3.0,,3.0,,,,,,,,3.0,3.0,3.0,
85,10,3.0,3.0,,,,,,,,,,,3.0,3.0,3.0,,3.0,,3.0,,,,,,,,,,,,3.0,3.0,,,,,,3.0
86,11,,3.0,,3.0,,,,3.0,,3.0,3.0,,3.0,,,3.0,3.0,,,,3.0,3.0,,,,,3.0,,,,3.0,3.0,,,,,,
87,12,,,3.0,,3.0,,,,3.0,3.0,,,,,,3.0,,,,3.0,3.0,,,,,,3.0,3.0,,,,,3.0,,3.0,,,
88,13,,,3.0,,3.0,,,,,3.0,3.0,,3.0,,3.0,,,3.0,3.0,,3.0,,,,,,3.0,3.0,3.0,,,,,,3.0,,3.0,
89,14,3.0,,,3.0,,3.0,,3.0,3.0,,3.0,,,,,,3.0,,3.0,,,,,,,,,,,3.0,,,,3.0,,3.0,,
90,15,,,,,,,,3.0,,,3.0,3.0,,,,,,,3.0,,,3.0,,,,,,,3.0,3.0,,,,,,,3.0,3.0
91,16,,3.0,,,,,,,,,,,,,,,,,,,,3.0,,3.0,,,,,3.0,3.0,,3.0,,,3.0,3.0,3.0,
92,17,,,,,,,3.0,,3.0,,,,3.0,,3.0,,,,,,,,,,,3.0,,,,3.0,3.0,3.0,,,3.0,,3.0,3.0
93,18,3.0,,,3.0,,,,,3.0,,,,,3.0,,,,,,,,,3.0,,,,3.0,,,3.0,,3.0,,,,,,
94,19,3.0,,3.0,3.0,3.0,,,3.0,,3.0,,,,,,,,,3.0,,,,,3.0,,,3.0,3.0,3.0,,,3.0,3.0,3.0,3.0,,,
95,20,3.0,3.0,,,,,,,3.0,,3.0,,,,,,,,,,,,,,3.0,,,3.0,,,,,,,,,,3.0
96,21,,3.0,,,,,3.0,3.0,,,,3.0,,3.0,3.0,,,,,,,,,3.0,,,3.0,,,,,3.0,,3.0,,,,
97,22,,3.0,,,,,,3.0,,,,3.0,,,,,,,,,,,,,,,,,,3.0,,3.0,,,,,3.0,
98,23,,,3.0,,,,,3.0,,,,3.0,,,,,,,,,3.0,,3.0,,3.0,3.0,,3.0,3.0,3.0,,,,3.0,,,,
99,24,,,,,,3.0,,3.0,,3.0,,,,,,3.0,,,3.0,3.0,3.0,,3.0,3.0,,3.0,,,,,,,,,3.0,,3.0,
100,25,,,,3.0,,,3.0,,,,,,,,,,,,,,3.0,,3.0,,,,,,,3.0,,3.0,,,3.0,3.0,3.0,
101,26,,,3.0,,,,,,,,3.0,3.0,3.0,,,,,3.0,,3.0,,3.0,,,3.0,,,,,,,,,,3.0,,,
102,27,3.0,,,,,,3.0,,3.0,,3.0,3.0,,,3.0,,3.0,,,3.0,,,,,,,,3.0,,,,,3.0,,,3.0,,
103,28,,3.0,,3.0,,,3.0,3.0,3.0,,,3.0,3.0,3.0,3.0,,3.0,3.0,,,3.0,,3.0,3.0,3.0,3.0,,3.0,3.0,,,,,,,,,3.0
104,29,3.0,,3.0,,,,,,,,,,,3.0,,,,3.0,,,,,,3.0,3.0,,,3.0,,,,,,3.0,,,3.0,
105,30,,,,,,,,,3.0,3.0,,3.0,3.0,3.0,,3.0,,,,,3.0,,3.0,,,3.0,3.0,,,,3.0,,,3.0,,,,
106,31,,,3.0,,,,3.0,,,,,,,,3.0,3.0,,,,,,3.0,3.0,,,,,,,,3.0,,,,,3.0,,
107,32,,,,3.0,,,3.0,,3.0,,3.0,,,3.0,,3.0,,,3.0,,3.0,,3.0,,,,,3.0,,,,3.0,,,3.0,3.0,3.0,3.0
108,33,,3.0,,,,,,3.0,,3.0,,3.0,,,,,3.0,,,,,,,3.0,,,,,3.0,,,3.0,,,,,,
109,34,,3.0,,3.0,,,,,,,,3.0,3.0,3.0,3.0,,3.0,3.0,3.0,,,,,,,3.0,,,,,,,,3.0,,,3.0,
110,35,3.0,3.0,,3.0,,3.0,,3.0,,,,,,3.0,,,,,,,3.0,3.0,,,3.0,,3.0,,,,3.0,3.0,3.0,3.0,,,,
111,36,,,,,3.0,3.0,,3.0,3.0,3.0,3.0,3.0,,3.0,,,3.0,,,,,,3.0,,,,,,3.0,,3.0,,,,,,,
112,a0,3.0,,,,3.0,,3.0,,,,,,3.0,,,,,3.0,3.0,3.0,3.0,,,,,,,3.0,3.0,,,,3.0,,3.0,,3.0,
113,a00,,3.0,3.0,,,,,,,,3.0,3.0,3.0,,,,,3.0,,,,,,,,,,3.0,,,,3.0,3.0,,,,3.0,
114,1,,4.0,,,,,,4.0,4.0,,,,,,,,4.0,4.0,4.0,,,4.0,,4.0,,4.0,4.0,,4.0,4.0,,,,,,4.0,,
115,2,,,4.0,4.0,,,,4.0,4.0,4.0,,,,,4.0,4.0,,4.0,,4.0,4.0,,,4.0,,,,,,4.0,4.0,,,,,4.0,,4.0
116,3,,4.0,,4.0,,,,,4.0,4.0,,,,,4.0,,4.0,,,,,,,,4.0,,4.0,,4.0,,,,,4.0,4.0,,,
117,4,4.0,,,,,4.0,,,,,,4.0,,,4.0,4.0,,,4.0,,,,4.0,4.0,,,4.0,,,,4.0,,,4.0,,,,
118,5,,,,,,4.0,4.0,4.0,,,4.0,,,4.0,,,,,4.0,,,,,,4.0,4.0,,4.0,4.0,,,,4.0,,4.0,,,4.0
119,6,4.0,4.0,4.0,,,,,,,,4.0,,,,,,,,,4.0,,4.0,,4.0,,4.0,,,,,,4.0,4.0,,4.0,,,
120,7,,,,,4.0,,4.0,4.0,,4.0,4.0,,4.0,,,,4.0,,,,,4.0,,,4.0,,4.0,,4.0,,,,,,4.0,,4.0,
121,8,4.0,,4.0,,4.0,,,4.0,4.0,,,,,4.0,,,,4.0,,4.0,4.0,,,,,,4.0,,,,,4.0,,,,4.0,,4.0
122,9,,,,,4.0,,4.0,,,4.0,,,,,,,4.0,,4.0,4.0,,,,4.0,4.0,4.0,4.0,,,,4.0,,4.0,,,,4.0,
123,10,,4.0,,,,4.0,,,4.0,4.0,4.0,4.0,,4.0,,4.0,,,4.0,4.0,,4.0,,,4.0,,,,,,,,4.0,4.0,,,4.0,
124,11,,4.0,4.0,4.0,,,,4.0,,,,,4.0,4.0,,4.0,4.0,,,4.0,4.0,,4.0,,,,,,4.0,,,,,,4.0,4.0,,4.0
125,12,,,,,4.0,,,,4.0,,4.0,,4.0,,,,,4.0,,,4.0,,,,,4.0,,,,4.0,,,,,,4.0,,
126,13,,,,,4.0,,,,,,4.0,,,4.0,,4.0,4.0,4.0,,,4.0,,,,4.0,4.0,,,,,,,,,4.0,,,4.0
127,14,4.0,4.0,,,,,4.0,4.0,,,,4.0,,,4.0,,,4.0,4.0,,,,,,4.0,4.0,4.0,4.0,,4.0,,4.0,,4.0,4.0,,,
128,15,,4.0,,,,,,4.0,,,,,,,,,4.0,4.0,,,4.0,,,,4.0,,,4.0,,,,,,4.0,,4.0,4.0,
129,16,,,,,4.0,,4.0,,,,,,4.0,4.0,,,4.0,,4.0,4.0,4.0,,4.0,,4.0,4.0,,4.0,4.0,,4.0,,,,,,4.0,
130,17,4.0,,,,,4.0,,,,4.0,,,,4.0,,,4.0,,4.0,,,,4.0,,,,4.0,,4.0,,,,4.0,4.0,,,,
131,18,,4.0,,4.0,,4.0,,4.0,4.0,4.0,,,,,,,,,,4.0,,4.0,4.0,4.0,,,,,,,,,4.0,4.0,,,4.0,4.0
132,19,4.0,,,4.0,4.0,4.0,,,,,,4.0,,4.0,,,,,4.0,,,4.0,4.0,4.0,,4.0,,4.0,,,4.0,,,,,,4.0,
133,20,4.0,,,,4.0,,4.0,,,,,,,,,,,,4.0,4.0,,4.0,,,,4.0,,,,,,4.0,4.0,4.0,,,4.0,4.0
134,21,,,,,,,,,,,,4.0,4.0,,,4.0,,4.0,,,,4.0,4.0,4.0,4.0,,4.0,,,4.0,,4.0,,,,4.0,4.0,4.0
135,22,,4.0,,,,4.0,,,4.0,4.0,4.0,,,4.0,,,4.0,4.0,,,,,,4.0,4.0,,,,,4.0,,,,4.0,4.0,,,4.0
136,23,,,,,4.0,4.0,,,,4.0,4.0,,4.0,,,,,,,4.0,4.0,4.0,,4.0,,,,4.0,,,,,,,4.0,,,4.0
137,24,,,4.0,,,,,4.0,,4.0,,,4.0,,,4.0,,,,,4.0,,,,,,4.0,,,4.0,4.0,4.0,,4.0,4.0,,4.0,4.0
138,25,4.0,,,4.0,4.0,,4.0,,,,4.0,,,4.0,,4.0,,,,,4.0,,4.0,,4.0,4.0,,4.0,4.0,4.0,,,,,,,,4.0
139,26,,,,4.0,4.0,4.0,,,4.0,,,4.0,,4.0,,,4.0,,,,,,,,4.0,,,4.0,,,4.0,4.0,4.0,,,,,
140,27,,4.0,4.0,,,,,4.0,4.0,,,,,,4.0,4.0,4.0,,4.0,4.0,,4.0,,,,,4.0,,,4.0,4.0,4.0,4.0,,,,,
141,28,4.0,,4.0,,4.0,,4.0,,,4.0,,,4.0,,,,4.0,,,,4.0,,4.0,,,4.0,4.0,,,,4.0,,4.0,,4.0,,4.0,
142,29,4.0,,,4.0,,,,,,4.0,,,,,,,,,,,,4.0,,,4.0,4.0,,4.0,4.0,4.0,,4.0,,,,,,
143,30,,4.0,,,,,,,,,,,,4.0,,,4.0,,4.0,4.0,,4.0,,4.0,,,4.0,,,4.0,,4.0,4.0,,4.0,,,
144,31,,,,4.0,,,4.0,,,,,4.0,4.0,,,4.0,,,4.0,,4.0,,,,4.0,4.0,,4.0,,,4.0,4.0,,,,4.0,,
145,32,,4.0,4.0,,4.0,4.0,4.0,,,,,,4.0,,,4.0,,4.0,,,4.0,,,4.0,,,4.0,4.0,,,,,4.0,4.0,4.0,,,4.0
146,33,,,4.0,,4.0,4.0,4.0,4.0,4.0,4.0,4.0,4.0,4.0,4.0,4.0,4.0,4.0,,4.0,,,,,,4.0,4.0,,,,,,4.0,4.0,,,,,
147,34,4.0,,,,,,,,,4.0,4.0,,,,4.0,,,4.0,4.0,,,4.0,4.0,,,,,4.0,,,,4.0,4.0,4.0,,4.0,,
148,35,,4.0,,,,4.0,,,4.0,4.0,4.0,,4.0,,4.0,,,,,,,4.0,,4.0,,4.0,,4.0,,,,4.0,,,,,4.0,4.0
149,36,,4.0,,,,,,4.0,,,4.0,,4.0,4.0,,,,,,,,4.0,,,,,,4.0,,,,4.0,,,4.0,,,
150,a0,,4.0,,4.0,,,,,4.0,4.0,4.0,,,,4.0,4.0,,4.0,,,4.0,,,4.0,,,4.0,,,,,4.0,,,,,,4.0
151,a00,4.0,,4.0,,,,,,,4.0,,,,,,,,4.0,4.0,4.0,,4.0,,4.0,4.0,,,4.0,,,4.0,4.0,4.0,4.0,4.0,,4.0,4.0
152,1,5.0,,5.0,5.0,5.0,,5.0,5.0,5.0,,5.0,5.0,5.0,5.0,,5.0,5.0,,,5.0,,5.0,,5.0,5.0,5.0,,,,,5.0,,5.0,,,5.0,5.0,5.0
153,2,,,,,,,5.0,5.0,5.0,,5.0,5.0,,,,5.0,5.0,,5.0,5.0,5.0,,5.0,,,,5.0,,,5.0,,,,5.0,5.0,5.0,5.0,
154,3,,,,,5.0,,5.0,,,5.0,,5.0,,,5.0,,5.0,,,,5.0,5.0,,,5.0,5.0,5.0,,,,,5.0,5.0,5.0,5.0,5.0,5.0,5.0
155,4,,,5.0,5.0,5.0,,5.0,,,,,,,,,,,5.0,,5.0,,,,,5.0,5.0,,,5.0,5.0,5.0,,5.0,5.0,5.0,,,5.0
156,5,5.0,5.0,,,,,,,5.0,,5.0,5.0,,,5.0,,5.0,,5.0,5.0,5.0,,5.0,,5.0,5.0,,5.0,5.0,5.0,5.0,5.0,,,,5.0,5.0,
157,6,,5.0,5.0,,,,,5.0,,5.0,5.0,,5.0,,,,,,5.0,,,,5.0,,,5.0,,,5.0,,5.0,5.0,,,,,5.0,
158,7,5.0,,,,,,5.0,5.0,5.0,,,,5.0,5.0,,,,5.0,5.0,,5.0,,5.0,5.0,5.0,,,5.0,,,5.0,5.0,5.0,,,,,5.0
159,8,,,5.0,,,5.0,,5.0,,,,5.0,5.0,,,,,5.0,5.0,5.0,5.0,5.0,,5.0,,5.0,5.0,,5.0,5.0,,,5.0,,,5.0,,5.0
160,9,,,,5.0,,5.0,,5.0,,,5.0,,5.0,5.0,,,5.0,,,,,5.0,,5.0,5.0,,5.0,,,,,,,,5.0,5.0,5.0,5.0
161,10,,5.0,5.0,,,,5.0,5.0,,,5.0,5.0,,,,,5.0,5.0,,,5.0,,5.0,,5.0,5.0,,5.0,,5.0,,5.0,,,,,,
162,11,5.0,5.0,5.0,,,5.0,,5.0,,,5.0,5.0,5.0,5.0,5.0,5.0,,,5.0,,5.0,,5.0,,,,5.0,5.0,5.0,5.0,,,,,5.0,,,5.0
163,12,5.0,5.0,,5.0,5.0,5.0,5.0,5.0,5.0,5.0,5.0,,5.0,5.0,5.0,,,,,,5.0,,,5.0,,,5.0,5.0,5.0,5.0,5.0,5.0,5.0,5.0,5.0,,,5.0
164,13,,5.0,,,,,5.0,,,5.0,,,5.0,,5.0,,5.0,5.0,5.0,,5.0,5.0,,,5.0,5.0,,5.0,,5.0,5.0,5.0,,,,5.0,5.0,5.0
165,14,5.0,,,5.0,5.0,,,,5.0,,5.0,5.0,,,,5.0,,,,5.0,,,,5.0,,5.0,,,,5.0,,,,,5.0,5.0,,
166,15,5.0,,,5.0,5.0,5.0,5.0,,,5.0,,5.0,5.0,5.0,5.0,5.0,,,5.0,5.0,,5.0,,,,,,5.0,,5.0,,,,,,,5.0,
167,16,,5.0,5.0,,5.0,,,,,,,5.0,,,,,,,,,,,,5.0,,,,,,5.0,5.0,5.0,,,,5.0,5.0,5.0
168,17,5.0,,5.0,5.0,5.0,,,,5.0,,5.0,5.0,5.0,,,,5.0,,,5.0,,5.0,,,5.0,5.0,,5.0,,5.0,,,5.0,5.0,,,,
169,18,,5.0,,,,,,5.0,,,,,5.0,5.0,5.0,,5.0,,,,5.0,,5.0,5.0,5.0,,,5.0,,5.0,,5.0,,,5.0,,,5.0
170,19,5.0,5.0,,,,,,5.0,5.0,,5.0,5.0,,5.0,,,5.0,5.0,,5.0,5.0,,,,5.0,,,5.0,,,,5.0,,5.0,5.0,,5.0,
171,20,5.0,5.0,5.0,,,,,,,,,,,,,,5.0,5.0,5.0,5.0,,,5.0,,,5.0,5.0,,5.0,,5.0,,,,5.0,,5.0,
172,21,,5.0,5.0,,5.0,5.0,,,,5.0,5.0,,,5.0,5.0,5.0,5.0,,5.0,5.0,,,,,5.0,,,5.0,,5.0,,,5.0,,5.0,,5.0,5.0
173,22,5.0,,,,5.0,5.0,5.0,,5.0,,5.0,5.0,,5.0,,,,,5.0,,5.0,5.0,5.0,5.0,,,5.0,5.0,,,5.0,5.0,,,,,,
174,23,5.0,5.0,,,,,,,5.0,,,,,5.0,5.0,,5.0,,,,,,,,,5.0,,5.0,5.0,5.0,5.0,,5.0,,,5.0,5.0,5.0
175,24,5.0,5.0,,5.0,,,5.0,,,,,,5.0,5.0,,5.0,5.0,5.0,,,5.0,5.0,5.0,,5.0,,,,5.0,,5.0,5.0,,,,5.0,,5.0
176,25,,5.0,5.0,5.0,,5.0,,,,,5.0,5.0,5.0,5.0,,,,5.0,5.0,5.0,,,5.0,,5.0,,,,5.0,5.0,,,5.0,,5.0,5.0,5.0,5.0
177,26,,5.0,5.0,5.0,5.0,,5.0,5.0,,5.0,,,5.0,,,5.0,,,,,5.0,5.0,5.0,5.0,,,,,5.0,,,,,5.0,5.0,,,5.0
178,27,5.0,,5.0,5.0,5.0,,,,,5.0,,5.0,,,5.0,,5.0,,5.0,,,,,,,,,,,,,,,5.0,,5.0,,
179,28,,,,5.0,5.0,5.0,5.0,,5.0,5.0,,5.0,5.0,,5.0,,5.0,5.0,5.0,,5.0,5.0,,5.0,,,5.0,,,,5.0,5.0,,5.0,,,5.0,
180,29,5.0,5.0,,,,,5.0,,5.0,,5.0,5.0,5.0,,,5.0,,,5.0,,5.0,,,,5.0,5.0,,,,5.0,,5.0,,,5.0,,5.0,
181,30,5.0,5.0,,5.0,,5.0,5.0,5.0,5.0,,5.0,5.0,5.0,,,5.0,5.0,,5.0,,5.0,5.0,,,5.0,,,,,5.0,,,5.0,5.0,,5.0,,5.0
182,31,,,,5.0,5.0,,,5.0,,,5.0,5.0,5.0,,5.0,,,5.0,,5.0,5.0,,,,,5.0,,,,,,,5.0,5.0,5.0,,5.0,
183,32,5.0,,5.0,,5.0,,,,,5.0,,5.0,,,5.0,,5.0,,,,,,,,5.0,5.0,,,,5.0,,5.0,5.0,5.0,5.0,5.0,,5.0
184,33,,,,,,5.0,,,,5.0,5.0,5.0,,,,,,5.0,5.0,,5.0,,,,,5.0,,5.0,,,5.0,5.0,,,,5.0,5.0,5.0
185,34,,5.0,5.0,,5.0,,5.0,,,,5.0,5.0,,5.0,,,5.0,5.0,,5.0,5.0,,5.0,5.0,,5.0,5.0,5.0,,5.0,,,,5.0,,,5.0,
186,35,5.0,5.0,,,,,,,5.0,5.0,5.0,5.0,,5.0,5.0,,5.0,5.0,5.0,,,5.0,,,5.0,,5.0,5.0,,,,,5.0,5.0,,,,5.0
187,36,,,,,5.0,5.0,,5.0,5.0,,,5.0,,5.0,5.0,,,,,,5.0,,5.0,5.0,5.0,5.0,,5.0,5.0,5.0,5.0,,5.0,5.0,5.0,5.0,5.0,5.0
188,a0,5.0,,,5.0,5.0,,,5.0,,5.0,5.0,,,5.0,5.0,,,5.0,,,,5.0,5.0,5.0,5.0,5.0,,,5.0,,,5.0,5.0,5.0,,,5.0,5.0
189,a00,5.0,,5.0,5.0,5.0,5.0,5.0,,,5.0,,5.0,5.0,5.0,5.0,5.0,5.0,5.0,,5.0,5.0,5.0,,,5.0,5.0,,5.0,,5.0,,5.0,,,,5.0,5.0,5.0
190,1,,,,,,,,,,,,,,,,,,6.0,,,,,,6.0,6.0,,,,,6.0,,,,6.0,,,,
191,2,6.0,,6.0,,,,,,,,,,,,,,,6.0,,,,6.0,,6.0,6.0,,,,,,,,,,,,,
192,3,,,,,6.0,,6.0,,6.0,,,6.0,,,,,,,6.0,6.0,,6.0,,6.0,,,,,,,6.0,,6.0,,,,,
193,4,6.0,,,6.0,6.0,6.0,6.0,,,,,,,,,,,,6.0,6.0,6.0,6.0,6.0,6.0,,,,,,,,,,,,6.0,,
194,5,,,6.0,,6.0,,,,,,,,,,,,,,,6.0,,,6.0,,,,,6.0,,6.0,,,,6.0,,6.0,,
195,6,6.0,,,,,,6.0,,6.0,,6.0,,,,,,,,,,,,,,6.0,,6.0,,6.0,,6.0,,,,,,,
196,7,,,,6.0,,6.0,,6.0,,,,6.0,,,,,6.0,,6.0,,,,6.0,,,,,,,,,,,,6.0,6.0,6.0,
197,8,,,,,6.0,6.0,6.0,,,,,,,,,,,,,,6.0,,,,6.0,,,,,,,,,,,,,6.0
198,9,,,,,6.0,,,,,,,,,,,,6.0,,6.0,,,,,,,,,,6.0,6.0,,,6.0,,6.0,,,6.0
199,10,,,6.0,,,,6.0,,6.0,,,,,,,,,,,,,,,,,,,,,,,,,,,,,
200,11,,,6.0,,,,,6.0,,,,,,,,,,,,6.0,,6.0,,,,,,,,,,,,,,,,
201,12,,,,,,,,,6.0,,,,6.0,,,,,,,,,,,,,6.0,,6.0,,,6.0,,,6.0,6.0,,,
202,13,6.0,,,,,6.0,,,,,,6.0,6.0,6.0,,,,,,,,,,,,,6.0,,,6.0,,,,6.0,,,,
203,14,,,6.0,6.0,,,6.0,,,,,,,,,,,6.0,6.0,,,,,,,6.0,,,,,,,,,,,,
204,15,,,,,,,6.0,,,,,,,,,,,,,,6.0,,,,6.0,,,,,,,,,,,,,
205,16,,,6.0,6.0,,,,,,,,,,,,,,,,,,,,,,,,6.0,,6.0,,,6.0,,,,,
206,17,,,,,,,,,6.0,,,,,,,,,,,6.0,,,,,,,6.0,,,6.0,,,,6.0,,,,
207,18,,,6.0,,,,,,,6.0,,6.0,,,6.0,,,,,,,,,,,,,,6.0,,,,,6.0,6.0,,6.0,
208,19,,,,6.0,,6.0,,,,,6.0,,6.0,6.0,,,,,,,6.0,6.0,,,6.0,,6.0,,,,,,,,,,,
209,20,6.0,6.0,6.0,6.0,,,,,6.0,,,,6.0,6.0,,,,,,6.0,,,,,,,,,6.0,,,,,,,,,6.0
210,21,,,6.0,6.0,,,6.0,,,,,,6.0,,,,,,,6.0,,,,,,,,6.0,,6.0,6.0,,,,,,,
211,22,,,,,,,6.0,,,6.0,,,,6.0,,6.0,,,,,,,,,,,,,,,,,,,,,6.0,6.0
212,23,,,,6.0,,,,,,,,,,,,,,6.0,,,,,,,,,,,,,,,6.0,,6.0,,,6.0
213,24,,,6.0,,,,,,6.0,6.0,,,6.0,,,,,6.0,,,,,,,,,6.0,,,,6.0,,6.0,,,,,
214,25,,,,,,6.0,,,,,,6.0,6.0,,,,6.0,,,6.0,6.0,,,6.0,,,,,,,,,,,,,,
215,26,,,,,,6.0,,,,,,6.0,,,,6.0,,,,,,,,,,6.0,,,,6.0,,,,6.0,,,,
216,27,,,,,,6.0,,6.0,,,,,,,6.0,,,,,6.0,,,,6.0,,,,6.0,,,,6.0,,,,6.0,,
217,28,,,,,,,,6.0,,,,,6.0,,,6.0,,,,,,,6.0,,,6.0,,6.0,,6.0,6.0,,6.0,,,,,
218,29,,,,6.0,6.0,,6.0,,,,6.0,,,,,6.0,,,,,6.0,,,,,,,,6.0,,,,,,,,,
219,30,6.0,6.0,,,6.0,6.0,,,,,,,,6.0,6.0,,,,,,6.0,,6.0,,,,,6.0,,,,6.0,,,,6.0,6.0,
220,31,,6.0,,,,,,6.0,6.0,,,,,6.0,,,,,,,,,,,6.0,,6.0,6.0,,6.0,,,,,,,,
221,32,,,,,,,,,,,,,,6.0,,,,,,,,,,6.0,,,,,,,,6.0,,,,,,
222,33,,,,,,,,,,,,6.0,,,6.0,,,,6.0,,,,,,6.0,,6.0,,,,6.0,,,,6.0,,,
223,34,,6.0,,,6.0,,,,,,6.0,,,,,,,,6.0,,,,,,,6.0,,,,6.0,,,6.0,,,,,
224,35,,,,6.0,,,6.0,,,,,,,,,6.0,6.0,,,,,,,,,6.0,,,,,6.0,,,,6.0,,,
225,36,,,,,,,,,,,,,,,,6.0,,6.0,,,,,,6.0,6.0,,,6.0,6.0,,,,,,,,,
226,a0,,,,,,,,,,,,,,,,,6.0,,,,,6.0,,6.0,,,6.0,,,,,,,,,,,
227,a00,,6.0,,,,,,,,,,,,6.0,,,,6.0,,,,,,,,,,,,6.0,,,,,6.0,,,
228,1,,,7.0,,,,,,,7.0,,,,7.0,,,,,7.0,7.0,,,,,,,,7.0,,,7.0,,,,,7.0,7.0,7.0
229,2,,,7.0,7.0,,,,,,7.0,,,,,7.0,,,,,,7.0,,7.0,7.0,,,,,,7.0,,7.0,,,,,,
230,3,,,7.0,,7.0,,,,7.0,,,7.0,,,,7.0,,7.0,7.0,7.0,,,,7.0,7.0,,7.0,7.0,,,7.0,,7.0,7.0,,,7.0,
231,4,,7.0,,,7.0,7.0,,,,7.0,,7.0,7.0,,7.0,,7.0,,,,7.0,7.0,,,,,7.0,7.0,,,7.0,7.0,,,7.0,,,7.0
232,5,7.0,,,7.0,7.0,,,,,7.0,,,7.0,,,7.0,,7.0,,,7.0,,,,7.0,7.0,,,,7.0,7.0,,,,,7.0,,
233,6,,,,,,,,,,,7.0,7.0,,7.0,7.0,,,,7.0,,,,,,,,,,,7.0,7.0,,7.0,7.0,7.0,,,7.0
234,7,,,7.0,,,,,,,,7.0,,7.0,,7.0,,7.0,,,7.0,7.0,,,,,,,,7.0,,7.0,,7.0,,,,,
235,8,7.0,7.0,,,,,,7.0,7.0,7.0,7.0,,,,7.0,,7.0,7.0,,7.0,,7.0,,7.0,,,,,,,,,7.0,,,,,7.0
236,9,,,,7.0,,,7.0,,7.0,,7.0,7.0,,7.0,,,,7.0,,7.0,7.0,,,7.0,7.0,7.0,7.0,,,,,,,7.0,,,,
237,10,7.0,,,7.0,,,7.0,7.0,7.0,,,,,,7.0,,,,7.0,7.0,7.0,,,7.0,,,7.0,7.0,,,7.0,,,7.0,,,,
238,11,,7.0,,7.0,,,,7.0,,7.0,,7.0,,7.0,,,,7.0,7.0,,,,,7.0,,,,,7.0,,7.0,,7.0,,,,7.0,
239,12,,7.0,7.0,,,,,,,,7.0,7.0,,,,,,7.0,7.0,7.0,,,,7.0,,,,,,7.0,,7.0,7.0,,7.0,7.0,,
240,13,,,7.0,,,,,7.0,,7.0,,,,,,7.0,7.0,7.0,,,,7.0,,,7.0,7.0,7.0,7.0,,7.0,,,,,,7.0,,
241,14,,,7.0,7.0,,,,7.0,,,,,,,,,7.0,7.0,,7.0,7.0,,7.0,,7.0,7.0,,,,7.0,,7.0,,,7.0,,7.0,7.0
242,15,,,,,7.0,,7.0,,7.0,,7.0,,,7.0,7.0,,,7.0,,,,,7.0,,7.0,7.0,,,,7.0,,,,,7.0,,,
243,16,,7.0,,,,7.0,7.0,,,,,,7.0,,,,7.0,,,,,,7.0,,,7.0,,7.0,,,,7.0,,7.0,7.0,7.0,,
244,17,,,7.0,7.0,,,,,,,7.0,7.0,,,,,,7.0,7.0,,7.0,,,,,,,7.0,7.0,,,7.0,7.0,,7.0,,,7.0
245,18,,,,,7.0,,7.0,7.0,7.0,,,,,7.0,,,7.0,,,,,,,7.0,7.0,,,,,7.0,7.0,7.0,,7.0,,,7.0,
246,19,7.0,7.0,,7.0,,7.0,,7.0,7.0,,7.0,,,7.0,7.0,,,,7.0,,,,,,7.0,7.0,7.0,7.0,,,7.0,7.0,,7.0,7.0,7.0,,
247,20,,,7.0,,,7.0,7.0,7.0,7.0,7.0,,7.0,,7.0,,,,,7.0,,7.0,7.0,,,,,,,,7.0,7.0,,,,7.0,,,
248,21,,,,7.0,,,7.0,7.0,7.0,,7.0,,7.0,,,7.0,,,7.0,,,,,7.0,7.0,7.0,,7.0,,,,7.0,7.0,7.0,,,,
249,22,,,,7.0,7.0,,7.0,,,7.0,,,,7.0,,,,7.0,,,7.0,7.0,,,,,,,7.0,,7.0,7.0,,,,,,
250,23,7.0,,,,,,,,7.0,,,,,,,7.0,,,7.0,,,7.0,,,,,,,,7.0,,7.0,,,7.0,7.0,,7.0
251,24,,,,,7.0,,7.0,7.0,,,,7.0,7.0,,,7.0,,7.0,7.0,,,7.0,,,7.0,,7.0,,,,7.0,,,,7.0,7.0,,7.0
252,25,,,,,7.0,7.0,,,,7.0,7.0,7.0,,,7.0,,7.0,,7.0,,,,7.0,7.0,7.0,7.0,,,7.0,,7.0,,,7.0,7.0,,7.0,
253,26,,7.0,7.0,7.0,,7.0,,7.0,7.0,,7.0,7.0,,,,7.0,,,,,,,,,,,,7.0,,,,,7.0,,,,,
254,27,7.0,,,,7.0,,,,,,,,,7.0,,7.0,,,7.0,,,,7.0,,,,,,,,,7.0,,7.0,,7.0,,
255,28,,7.0,,,,7.0,,7.0,,,,7.0,,,,,7.0,,,,7.0,,7.0,,,,7.0,,,,,,,7.0,7.0,7.0,,7.0
256,29,,,,,,,,,,,7.0,,7.0,,7.0,7.0,7.0,,,7.0,,7.0,7.0,,,,,,7.0,,,,,,,,,
257,30,7.0,,,7.0,,,,,,,,,,7.0,,,,7.0,,7.0,7.0,,,,7.0,,,7.0,,,,7.0,7.0,,,7.0,,
258,31,7.0,,7.0,,7.0,,,7.0,,,,,7.0,,7.0,7.0,7.0,,,7.0,,,,7.0,,,,,7.0,,7.0,,7.0,7.0,7.0,,,
259,32,,,7.0,,,7.0,7.0,,7.0,,7.0,,7.0,,,,7.0,7.0,7.0,,7.0,7.0,,,,,7.0,,7.0,7.0,,,,,7.0,7.0,7.0,7.0
260,33,,,7.0,7.0,7.0,,,,7.0,,,,,,,,7.0,7.0,,,,7.0,7.0,7.0,7.0,7.0,,,,7.0,,7.0,,,,,,
261,34,,,7.0,7.0,,,,7.0,,,,,,7.0,,7.0,7.0,,7.0,,7.0,7.0,,,7.0,,,7.0,7.0,,,7.0,,,,7.0,7.0,
262,35,,,,,,7.0,,7.0,,7.0,,7.0,7.0,7.0,,,,7.0,7.0,7.0,7.0,,,7.0,,7.0,7.0,,7.0,7.0,,7.0,7.0,7.0,7.0,,,
263,36,7.0,7.0,,7.0,,7.0,,,,,,,,,,7.0,7.0,7.0,7.0,7.0,,,,,7.0,7.0,,7.0,,,,,7.0,7.0,7.0,,7.0,
264,a0,,7.0,7.0,7.0,7.0,7.0,,,,,,,,,,,7.0,7.0,,,,,,,,,7.0,7.0,,,,7.0,,,7.0,,,
265,a00,7.0,,,7.0,,,7.0,,,7.0,,,7.0,,7.0,,,7.0,7.0,,,,,,,,7.0,,,,,,7.0,,,,,
266,1,,,,,,,,8.0,,,,,,,,,,,,,,,,,,,8.0,,,,,,,,,,,
267,2,,,,,,8.0,,,,,,,,8.0,,,8.0,,8.0,,,,,8.0,,,,,,,,,,,,,8.0,
268,3,,,,,,,,,,,,,,,,8.0,8.0,,,,,,,8.0,,,,,,,,,,,,,,8.0
269,4,,8.0,,,,,,,,,,,,8.0,,,,,,,,,,,,8.0,,,,,,,,,,,8.0,
270,5,,,,,8.0,,,,,,,8.0,,,,,8.0,,,,,,,,8.0,,,,,,,,,,8.0,8.0,,8.0
271,6,,,,,8.0,,,,,8.0,,,,,8.0,,,,,,,,,,8.0,,,8.0,,,,,,,,,,
272,7,,,,,8.0,,,,,,,,,,,,,,,8.0,,,,,8.0,,8.0,,,,,,,,,,,8.0
273,8,,,,,,,8.0,,,,,,,,,,,,,,8.0,,,,,,8.0,,,,,8.0,,,,,,
274,9,,,,,,,,,,,,8.0,8.0,,,,8.0,,8.0,,,,,,,,,,,,,,,,,,,
275,10,8.0,,,,,,8.0,,,,,,8.0,,,,,,,,,8.0,,,,8.0,,,,,,8.0,,,,8.0,,
276,11,,,,,,,8.0,,,,,,,,,,8.0,,,,,,,,,,,,,,,,,,,,,
277,12,,,,,,,,,,,8.0,8.0,,,,,,,,,,,,,,,,8.0,,,,,8.0,,,,8.0,
278,13,,,8.0,,,,,,,8.0,,,,,,,8.0,,,,,,,,,,,,,,8.0,,,,,,,
279,14,,,,,,,,,,,,,,,,,,,,,,,,8.0,,,,,,8.0,,8.0,,,,,,
280,15,,8.0,,,,,,,,,,,,,,,,,,,,,,,,,,,,,,,,,,,,
281,16,,,,,8.0,,,,,,,,,,,8.0,,,,,,8.0,,8.0,,,,,,,,,,,8.0,8.0,,
282,17,,,,,,,,8.0,,8.0,,8.0,,,,,8.0,,,,8.0,,8.0,,,8.0,,,,8.0,,,,,8.0,,,
283,18,,,,,,,,,,,,,,,,,,,,,8.0,,8.0,,,,,,,,,,,8.0,,,,
284,19,,,8.0,,,,,,,,,,8.0,,,,,,,,8.0,,,,,,,,,,,,,,,,,
285,20,,,,,8.0,,,,8.0,,,,,,,,,,,,,,,,,,,,8.0,,,,,,,,,
286,21,,,,,,,,,,,8.0,8.0,,8.0,,,,,,,,,,,,8.0,,,,,,,,,,,,
287,22,,8.0,8.0,,,,,,,,,,,,,,,,,,,,,8.0,,,,,,,,,,,,,,
288,23,,,8.0,,8.0,,,,,,,,,,,8.0,8.0,,,,,,,,,,,,,,,,,,,,,
289,24,,,,8.0,,,,,8.0,,8.0,,,,,,,8.0,,,,,,8.0,,,,,,,,,,,,8.0,8.0,
290,25,,,,,,,,,,8.0,,,,,,8.0,,,,,,,,,,,,8.0,,,,,,,,,,
291,26,,,,,,,,,,,,,,,,,8.0,,,,,8.0,,,,,8.0,8.0,,,,,,,,,,
292,27,,,,,,8.0,,,,,,,,,,,,8.0,8.0,8.0,,,,,,,,,,,,,8.0,,,,,
293,28,,,,,,,8.0,,,,,,,,,,,,,,,,,,,,8.0,,,,,,,,,,8.0,
294,29,,,,,,,,,,,,,,,,,,,,,,,,,,,,,,,8.0,,,,,,8.0,
295,30,,8.0,,,,,,,8.0,,,,,,,,,,,,,,,,,,,,8.0,,,,,,,,,
296,31,8.0,,,,8.0,,,8.0,,8.0,,,,,,,,,,,,,,,,,,,,,,,,,8.0,,,
297,32,,,,8.0,,,,,,,,,8.0,,,,,,,,,,8.0,,,,,,,,8.0,,,,,,,
298,33,,,,,,,,,,,,,,,,,,,,,,,,,,,8.0,,,8.0,8.0,,,,,,,
299,34,,,,,,8.0,,,,,,,,,,,,,,8.0,,,,,,,,,,,,,,,,,,
300,35,,,,,,8.0,,,,8.0,,,,,,,,,,,,,,,,,,,,,,8.0,,,,,,8.0
301,36,,8.0,,,,,,,8.0,,,,,,,8.0,,,,,,,8.0,,,,,,,,,,,,,,,
302,a0,,8.0,,8.0,,,,,,,,,,,,,8.0,,,,,,,8.0,,,8.0,,,,,,8.0,,,,,
303,a00,,8.0,,8.0,,,,,,,,,,,,,,8.0,,,,,,,,,,,,,,,,,8.0,8.0,,
304,1,,9.0,,,,,,,,,,,,,,,,,,,,,,,,,,,,,,,9.0,,,,,
305,2,,,,,,,,,,,,,,,,,,,,,,9.0,,,,,,,,,9.0,,,9.0,,,,
306,3,,,,,,,,,9.0,,,,,,,,,,,9.0,,,9.0,,,,,,9.0,,9.0,,,9.0,,,,
307,4,9.0,,,,,,,,,9.0,9.0,,,,,,,9.0,,,,,,,9.0,,,,,,,9.0,,,,,,
308,5,,,,,,,,,,,,,9.0,,,,,,,,,9.0,9.0,,,,,,,,,,,,,,,
309,6,,,,,,,,,,,,,9.0,,,,,9.0,,9.0,,9.0,,,9.0,,,,,,,,,,,,,9.0
310,7,,,,,,,9.0,9.0,,,9.0,,,9.0,,9.0,,,,,,,,,9.0,,,,,,,,9.0,,9.0,,,
311,8,,,,,,,,,9.0,,,9.0,,,,9.0,,,,,,,,,9.0,,,,9.0,,,,,9.0,,,,9.0
312,9,,,,,,,,,9.0,9.0,,9.0,9.0,,,,9.0,,,,,,9.0,,,,,,,9.0,,,,,,9.0,,
313,10,,,,9.0,9.0,,,,,,,9.0,,,,,,,,9.0,,,9.0,,,,,9.0,9.0,,,,,,,,,
314,11,,,,,,,,,,,,,,,,9.0,,,,,,,,9.0,,,9.0,9.0,,,,,,9.0,,,,
315,12,,,,,,,,9.0,,9.0,,,,,,,9.0,,,,,,,,,9.0,,,,,,9.0,,,,,,
316,13,,,9.0,,,,,,9.0,,,,,9.0,,,,9.0,,,,,,9.0,,,,,,,,,,,,9.0,,9.0
317,14,,,,,,,,9.0,9.0,,9.0,,,,,,,,9.0,,9.0,,,,,,,,,,,9.0,,,,,,9.0
318,15,,,,,,,,,9.0,,,,,,,,,,,,,9.0,,9.0,,,,,,,,,,9.0,9.0,,,
319,16,,,,,,,,,,,,,,,,,,9.0,9.0,9.0,,,,,,,,,,9.0,9.0,,,,,9.0,,
320,17,9.0,,,,,,9.0,,9.0,,,,,,,,,,9.0,,,,,,,,,9.0,,,,,,9.0,9.0,,,
321,18,,9.0,9.0,,,,,,,9.0,,9.0,9.0,,9.0,9.0,,,,,9.0,,,,,,,,,,,,,9.0,9.0,,,
322,19,,,,,,,,,,,,,,,,,9.0,,,,,,,,,,9.0,,,,,,9.0,,9.0,,9.0,
323,20,,,,,,,9.0,,,,,,,,,,,,9.0,,,,,9.0,,,9.0,,,,,9.0,,,,9.0,,
324,21,,9.0,,,,,,,,,,,,,,,,9.0,,,,,,,,,,,9.0,,,,,9.0,,,,
325,22,,,,,,,,,,,,,,9.0,,,,9.0,,,9.0,,,,,,,,,,9.0,,,,9.0,,,9.0
326,23,,,,9.0,,,,,,,9.0,,,9.0,,,,,,,9.0,,9.0,,,,,9.0,,,,9.0,,,,,,
327,24,,,9.0,9.0,9.0,9.0,,,,,,,,,,,9.0,,,,,9.0,,,,,9.0,,,,,,,9.0,,,,
328,25,,,,,,,,9.0,,,,,,,9.0,,9.0,9.0,9.0,,,,,9.0,,,,,,9.0,,,,,,,,
329,26,,,9.0,,,,,,,,,,,,,,,,,,,,,,,,,,,,,,,,,,,
330,27,,,9.0,9.0,,,9.0,,,,,,,,,,,9.0,,,,,9.0,,9.0,,,,,,,9.0,,,9.0,,,
331,28,,,,,,,,,,,,,,9.0,,,,,,,,,,9.0,,,,,,,,,,,9.0,9.0,,
332,29,,,,,,9.0,9.0,9.0,,,,,,,,9.0,,,,9.0,,,,,,,,,,9.0,,,,,,,,
333,30,,,,,,,,9.0,,9.0,,,,,,,,,,,,,,,,,,,,,9.0,,,9.0,,9.0,,
334,31,,,9.0,9.0,,,,,,,,,,,,,,,9.0,,,,,9.0,9.0,,9.0,,,9.0,,,,,,,9.0,
335,32,,,,,,,9.0,,,,,9.0,9.0,,,,,,,,,,,,9.0,,,,9.0,9.0,,,9.0,,,,,
336,33,,,9.0,9.0,,,,,,,,,,,,,,,,,,,,,9.0,,,,,,9.0,,,,,,,
337,34,,,,,,,,9.0,,,,,9.0,9.0,,9.0,,,,9.0,,,,,,,9.0,,,,,9.0,,,,,,9.0
338,35,,,,,,9.0,,,,,,,,9.0,9.0,9.0,,,,9.0,,9.0,,,,,,,,,9.0,9.0,,,,,,
339,36,,,,,,9.0,,9.0,,,,,,,9.0,,,9.0,,,,,9.0,,,,,,,,,,,,,,,
340,a0,,,,,,,,,,,,,,,,,,,,,,9.0,,,,,9.0,,,,9.0,,,,,,,
341,a00,,9.0,,,9.0,,9.0,,,9.0,,,,,,,9.0,,,,,,,,9.0,,,,,,,,,,,,9.0,
342,1,,10.0,,,,,,,10.0,,,,,,,,,,,10.0,10.0,,,,,,,,,,10.0,,,,,,,
343,2,,,10.0,,,10.0,,,,,,,,,,,,,,,,,10.0,,10.0,,,,,10.0,10.0,,10.0,10.0,,,,
344,3,,,,,10.0,10.0,,10.0,,,,10.0,,,,10.0,10.0,10.0,,10.0,,,,,,,10.0,,,,,,,,,,,10.0
345,4,,,,,,10.0,,,,,,,,,,,,,,,,,,,,,,10.0,,,,,10.0,,,,,
346,5,10.0,,,,,,,10.0,,,,,,,,,,,,,,,,,10.0,,10.0,,,,10.0,10.0,,,,,,
347,6,,,,,,,,,,,,,,,,10.0,10.0,,,,10.0,,,,,,10.0,,,10.0,,10.0,,,,,,10.0
348,7,,,,,,,,,10.0,,,,,,,,,,,,,,,,,,,,,,,,,,,10.0,,
349,8,,,,10.0,,,,,,,,,,10.0,10.0,,,,,,,10.0,,,,,,,10.0,,,10.0,,,,10.0,10.0,
350,9,,,10.0,,,,,10.0,,,,,10.0,,,,,,10.0,,,,,,,,10.0,,,,,,,,,,,
351,10,,,10.0,,,,,,,,,,,,,10.0,,,10.0,,,,10.0,,10.0,,10.0,,,,,,,,,,,
352,11,,,,,,,,,,,,,,,,,,,,,,,,,,,,,,,,,,,,10.0,,
353,12,,10.0,,,,,,,,,,,,,10.0,,,,,,,,,,,,,10.0,,,,,,10.0,,,,
354,13,10.0,,,,,,,10.0,,,,,,,,10.0,,,,,,,,,,,,,,,,,10.0,,,,,10.0
355,14,,,,10.0,,,,,,,,,,,,,10.0,10.0,,,,,,10.0,10.0,,,10.0,10.0,,,,,,,,10.0,
356,15,,10.0,,,,,,,10.0,,10.0,,,,,,,,,,,,10.0,,,10.0,10.0,,,,,,,,,,,
357,16,10.0,,10.0,,,10.0,,,,,,,,,,,,,,10.0,,,,,,,,10.0,,,10.0,,10.0,10.0,,,,10.0
358,17,,,,,,,,,,,,,,,,,,,,,,10.0,,10.0,,,10.0,,,,10.0,,,10.0,,,,
359,18,,,,,10.0,,,,,,,,,,,10.0,10.0,10.0,,,,,,10.0,10.0,,,10.0,,,10.0,10.0,,10.0,,,,
360,19,,,,,,,,,,10.0,,,,,10.0,,,,,10.0,,,,,,,,,,,,,,,,,,
361,20,,10.0,,,,,,,,10.0,,10.0,10.0,,,,,10.0,,,,,,,,,,,,10.0,10.0,,,,,,,
362,21,,,10.0,,,,,,,,,,,,,,,,10.0,,,,,,,10.0,10.0,,,,,,,,,10.0,,
363,22,,,,,,10.0,,,,,,,,10.0,,,,,,,,,,,10.0,,,,,,,10.0,,10.0,,,10.0,
364,23,,,,,10.0,,,,,,,,,10.0,,10.0,,10.0,,10.0,,,,,,,,10.0,,,10.0,,,,,,,
365,24,,,10.0,,,,,10.0,,,,,,,,,,,,,,,10.0,,,,,10.0,10.0,,,,,,,,,
366,25,10.0,,,,,,10.0,,10.0,,,10.0,,,,,,,,10.0,,,,,,,,,,,,,,,10.0,,,10.0
367,26,,,10.0,,,,,10.0,,,,,,,,,,10.0,,,,,,,,,,,,10.0,,,,,,,,
368,27,,10.0,10.0,,,,,,,,,,,10.0,10.0,,,,,,,10.0,,10.0,10.0,,,,,,,,,,10.0,,,
369,28,,,,,,,,,10.0,,,,10.0,10.0,10.0,,,,,,,,,,10.0,,,,,,,10.0,,10.0,10.0,,10.0,
370,29,,,,,,,,10.0,,,,,,,,,,10.0,,10.0,,,,,,,,,,,,,,,,,,
371,30,10.0,10.0,,,,10.0,,,,,,,,,10.0,,,,,,,10.0,,,10.0,,,,,,,,,,,,,
372,31,,,,,,,,,,10.0,,,10.0,,,10.0,,,,,,,10.0,,,,,,,10.0,,,,10.0,10.0,10.0,,
373,32,,10.0,,,10.0,10.0,10.0,,,10.0,,,,,,,,,,,,,,,,,,10.0,,,,,,10.0,10.0,,,
374,33,,,,,,,,10.0,,10.0,,,,,,10.0,,,,,10.0,10.0,,,,,,10.0,,10.0,,,,,10.0,,,
375,34,,10.0,,,,,,10.0,,,,,,,10.0,,,10.0,,,,,10.0,,10.0,10.0,,,,,,,,,,,10.0,10.0
376,35,,,10.0,,,,,,,,,,,,,10.0,,,,,,10.0,10.0,,,,,,,,,,10.0,,,,,
377,36,,,,,10.0,,,,,,,,10.0,10.0,,,,10.0,,,,,,,,,,,,,,,,,,,10.0,
378,a0,,,,,,10.0,,,,10.0,,,,,,,10.0,,,,10.0,,,10.0,,,,,,,,,,,10.0,,,
379,a00,,,,10.0,,,,10.0,,,,,,10.0,,,,,,,,,,,,,,,,10.0,,,10.0,,,,10.0,
380,1,,,,,11.0,,,,11.0,,,,,,,,,,,11.0,,,,11.0,,,,,,11.0,11.0,,,11.0,11.0,,,
381,2,,,,11.0,,,,,,,,,,,,,,,,,,,,,,,11.0,,,11.0,,,,,,,,
382,3,,,,,,,11.0,,,11.0,,11.0,,,11.0,,,,,,,11.0,,,,11.0,,,,,,,,,,,,
383,4,,,,,,,11.0,,,,,,,,11.0,,,,,,,11.0,,,,,11.0,,11.0,,,11.0,,11.0,,11.0,,
384,5,,,,,,,11.0,,,,,11.0,,,,,,11.0,,,,,,11.0,,,,11.0,,,,,,,11.0,,11.0,
385,6,,,,,,,,,11.0,,,,,11.0,,,,,,11.0,,,,,,11.0,,,,,11.0,,11.0,,,11.0,,
386,7,,,11.0,11.0,,,,,11.0,,,11.0,,,11.0,,,,,,,,,,,,,11.0,,,,11.0,11.0,11.0,11.0,11.0,,
387,8,,,,,,11.0,,,,,,,,,,,,,,11.0,,,,,,,11.0,,,,,,11.0,,,,11.0,
388,9,,11.0,,,11.0,,,11.0,,11.0,,,,11.0,,,,,,,,,11.0,,,,,,,,,11.0,,,,,11.0,
389,10,,,,,,,11.0,11.0,,,,,,,,11.0,,,,,,,,11.0,,,,,,,11.0,,,11.0,,,,
390,11,11.0,,,,,,,,,,,,,11.0,,,,,,,,,,,,11.0,,,,,,,,,,,11.0,
391,12,,,,11.0,11.0,,,,,11.0,,,,11.0,,,,,,,,,,,,,,,,11.0,11.0,,,11.0,,11.0,,
392,13,,,,,,,,,11.0,,,,,,,,11.0,11.0,11.0,,,,,,11.0,11.0,,,,,,,,,11.0,,,
393,14,,,11.0,,,11.0,,11.0,,11.0,,,,,,,,,,,,,11.0,,,11.0,,11.0,,,,,11.0,,,,,11.0
394,15,11.0,,,,,,11.0,,,,,11.0,,,,11.0,11.0,,,,,,,,,,,,,11.0,,,,,,,11.0,
395,16,,,,,,,,11.0,,,,,11.0,,,,,11.0,,,,,,,,,,,,,,,11.0,,,,,
396,17,11.0,,11.0,,,,,,,,,,,,,,,11.0,,,,,,,,,,,,,,,,11.0,11.0,,,11.0
397,18,,,,,,,,,,,11.0,,,,11.0,,,11.0,,,,11.0,11.0,,,,,,,,,,,,,11.0,,
398,19,,,,,,,,,,,,,,,,,,,,,,,,,,,,,,,,11.0,,,,,,
399,20,11.0,,,,,11.0,,,,,,,,,,,11.0,,,11.0,,11.0,,,11.0,11.0,,,,,,,,,,,,
400,21,,,,,11.0,,,,,,,,11.0,,11.0,,,,,,,,,,,,,,,,,,,,,,,
401,22,,,,,,,11.0,,11.0,,,,,,,11.0,,,,11.0,,11.0,11.0,,,,,,,,,11.0,,,,,,
402,23,11.0,,,,,,,,,,,,,,,,,11.0,,,,,,,,11.0,,,,11.0,,,,,,11.0,,
403,24,,,,,,,,11.0,,,,,11.0,,,,,,,,11.0,,,,,,,11.0,,,,,,,,,,
404,25,,,,,,,,,11.0,,,11.0,11.0,,,,,,,,11.0,,,,,,,,,,,,,,,,,
405,26,11.0,,,,,,,,,11.0,11.0,11.0,11.0,11.0,,,,,,,,,11.0,,11.0,,,11.0,,,,,11.0,11.0,,,,
406,27,,,,,,11.0,11.0,,,,11.0,,,,,,,,,,,,,,,,,,,,,,,,11.0,,,
407,28,,,11.0,,11.0,,11.0,,,,,11.0,,11.0,,,,,,,,,,,,11.0,,,11.0,,,,11.0,,,,,
408,29,11.0,,,,,,,,,,,,11.0,,11.0,,,,,,,,,,,,,,,,,,,,,,,
409,30,,11.0,,11.0,,,11.0,,11.0,,,,,,,,,,,,,,,,,,,,,11.0,,11.0,,,,11.0,11.0,
410,31,,,,,,,,,,,11.0,,,,,,,,,11.0,,11.0,,,,,,,11.0,,,,,,,,,
411,32,,11.0,,,,,,,11.0,,,,,,,,11.0,,,,,,,11.0,,,,,,11.0,,,,,,,,11.0
412,33,,,11.0,11.0,,,,,,,,11.0,,,,,,,,,,,,11.0,,,,11.0,,,,,,11.0,,,,
413,34,,,11.0,,,,,,11.0,,,,11.0,11.0,,11.0,11.0,,,,,,,11.0,11.0,,,,,,,,,,,,,
414,35,,,,,,11.0,,,,,,,,,11.0,,11.0,,,,,11.0,,,,,11.0,11.0,,,,,,,,,,
415,36,11.0,,,,11.0,11.0,11.0,,,,,,11.0,,,,,,,,,,,,,11.0,,,,11.0,,,,,,,,
416,a0,,,,11.0,,11.0,,11.0,,,,11.0,,,,,11.0,,,,,,,,,11.0,,,,,,,11.0,,,,,
417,a00,,,,,11.0,,,,,11.0,,,,,,,,,,,,,,,,,,,,11.0,,,,,,,,
418,1,,,,,12.0,,,,,,,12.0,,,,,,,,,12.0,,12.0,,,,,,,,,,12.0,12.0,,,,12.0
419,2,12.0,,,,,,12.0,12.0,12.0,,,,12.0,,,,,,,,,,12.0,,,,,12.0,,,,,12.0,,12.0,,,
420,3,,,12.0,,,,,12.0,,,,12.0,,,12.0,,,,12.0,,,,,12.0,,12.0,,,,,,,,12.0,,,12.0,12.0
421,4,,,,,,,12.0,12.0,12.0,,,12.0,12.0,,,,,12.0,,12.0,,12.0,,,,,,,,,,,12.0,,12.0,12.0,,
422,5,,,,,,,12.0,,,,,,,,,,,,,,,,,,12.0,,12.0,,,,,,,,,,,
423,6,,12.0,,12.0,,,,,12.0,,12.0,,,12.0,,,12.0,,,12.0,,,,,12.0,12.0,,12.0,,,,12.0,,,12.0,,,
424,7,,,,12.0,,,,,,,,12.0,12.0,12.0,12.0,12.0,,,12.0,,,12.0,,,,,,12.0,,,12.0,,,,,12.0,,
425,8,,,,12.0,12.0,,,12.0,,,,,,12.0,,12.0,,12.0,,,,12.0,,12.0,,,,,,,,,,,,,,12.0
426,9,,,,,,12.0,12.0,,12.0,,,,12.0,,,12.0,12.0,12.0,,,12.0,,,,,,,12.0,12.0,,12.0,,,,,,,
427,10,12.0,,,,,,,,,,12.0,,,,,,12.0,,12.0,,,,12.0,,,,,,,12.0,12.0,,,,,,,
428,11,,,,,,,,,12.0,12.0,,12.0,,,,,12.0,12.0,,,,,,12.0,,,,,,,,,,12.0,,,,12.0
429,12,12.0,,,12.0,,,,,,,,,12.0,,12.0,12.0,,12.0,,,,,12.0,12.0,,,,,,,,12.0,,,,,,
430,13,,,,12.0,,12.0,12.0,,,,,,12.0,12.0,,,,,,,,12.0,12.0,12.0,,,12.0,,,,12.0,,,12.0,,12.0,,12.0
431,14,,12.0,12.0,,,,,,,,,,,,,,,,,12.0,12.0,,,,,,,,,,12.0,,12.0,,12.0,,12.0,
432,15,,,,,,12.0,,12.0,,,12.0,,12.0,,12.0,,,,,12.0,,,,,,,,12.0,,,,,,12.0,12.0,12.0,,
433,16,,,,,,12.0,12.0,,,12.0,,,,12.0,12.0,,,12.0,12.0,,,,,,,,12.0,12.0,,,12.0,,,12.0,,,,12.0
434,17,,12.0,12.0,,,,,,12.0,,,12.0,12.0,12.0,,,,12.0,,,12.0,,,,,12.0,,,,,,,,,,,,
435,18,,12.0,,,,,,,,12.0,,12.0,,12.0,,,12.0,,12.0,,,,,,,12.0,,,,,,,,12.0,12.0,12.0,12.0,
436,19,12.0,,,12.0,12.0,12.0,12.0,,,,12.0,,12.0,,,,,12.0,12.0,12.0,,,,12.0,,,,,,,,12.0,12.0,,,,12.0,
437,20,,12.0,,,,,12.0,,,,,,,,12.0,12.0,,,,,,,,,,,,,,12.0,,,12.0,,,12.0,12.0,12.0
438,21,12.0,,12.0,,,,,,,,,12.0,,,,12.0,,12.0,,,,12.0,,,,12.0,,,12.0,,12.0,,12.0,,,,12.0,
439,22,,,,,,,,,,,,,,12.0,,,,,12.0,,,,,,,12.0,,12.0,12.0,,,,,,,,,
440,23,,,,12.0,,,,,,,,,12.0,,12.0,,,12.0,12.0,,,,,,,12.0,,,,,,,12.0,,,,,
441,24,,,12.0,12.0,,12.0,,,,,12.0,,12.0,,,,12.0,,,,12.0,,,,,12.0,,,,,,12.0,,12.0,,,12.0,12.0
442,25,,12.0,,,,12.0,12.0,12.0,12.0,,,,,,12.0,,,12.0,,,,12.0,,,,,,,,,,,,,,,,
443,26,12.0,,,,,,,,,,,,12.0,,,12.0,,,,12.0,12.0,,,,,,,,,,,,12.0,,,,12.0,12.0
444,27,,12.0,,,,,,,,,12.0,12.0,,,,12.0,,,,12.0,,,,,,,,,,,,,,,,12.0,,12.0
445,28,,,,,,12.0,12.0,,,,,,,,12.0,,,,12.0,,12.0,,,,,,12.0,,,,,,,,,,,
446,29,,,12.0,,,,,,12.0,,,,,,,,,,,12.0,,,,,,,,,,12.0,,,,,,,,12.0
447,30,,,,12.0,,,12.0,,,,,,,,,,,,,,12.0,,,12.0,,,,,,,,12.0,,,,,,
448,31,,,,,,,,,,12.0,,,12.0,,12.0,,,,,,12.0,,12.0,,12.0,,,,12.0,,,12.0,,,,,,
449,32,,,,,,12.0,12.0,,,12.0,,,,,12.0,,,,,,,,,12.0,12.0,,,,,,,,12.0,,,,12.0,
450,33,,,,,,,,,,,,,,,12.0,,12.0,,12.0,,,,12.0,12.0,12.0,,,,12.0,,,12.0,,,12.0,,,
451,34,,,12.0,,,,,,,,12.0,,,,,,,,12.0,,,,,,,,12.0,,,12.0,,,,12.0,,,,12.0
452,35,,,,,,,,12.0,,12.0,,,,,,12.0,,,,,12.0,,,12.0,,12.0,,,,,12.0,,,,,,,
453,36,,,,12.0,,,,,12.0,12.0,,,,,12.0,,,,,,12.0,,,,,,,,12.0,12.0,,,,,,,12.0,
454,a0,,,,,,,12.0,,,,12.0,,12.0,12.0,,,12.0,,12.0,,,,12.0,,12.0,,,,,,,,,,12.0,,12.0,
455,a00,,,12.0,,,,12.0,,12.0,,,12.0,,,,12.0,12.0,12.0,,,,,,12.0,12.0,12.0,12.0,,,,,12.0,,,,,,
456,1,,,13.0,,,,,,13.0,,,,,,,,,13.0,,,,,13.0,13.0,,,,,,,,13.0,,,,13.0,13.0,13.0
457,2,,13.0,,,,,,,,,,,13.0,,13.0,,,,,13.0,,,,13.0,,,13.0,,,13.0,13.0,,,13.0,,,13.0,13.0
458,3,,,,,,,,,13.0,,13.0,,,13.0,,,13.0,,,13.0,,,,,,,,,13.0,,13.0,,13.0,,,,13.0,
459,4,,,,,,13.0,,,,,,,,13.0,,,,,13.0,,13.0,,13.0,13.0,13.0,,,,13.0,,,,13.0,,,,,
460,5,,,,13.0,,,13.0,,,,,,,13.0,,13.0,13.0,,,13.0,,13.0,13.0,,13.0,,,,13.0,,,,,,,,,
461,6,,,,,,13.0,13.0,,,,,,,13.0,,13.0,,,,,,,13.0,,,,13.0,,,,,13.0,,,13.0,13.0,,
462,7,,,13.0,,13.0,,,,,,,,13.0,,,,,,13.0,13.0,,,,,,,,,,13.0,,,,13.0,13.0,,13.0,
463,8,13.0,,,,,,,,,,,,13.0,,,,,,13.0,,13.0,,13.0,,13.0,,,,,,,,,,,,,
464,9,,,,13.0,,,,,,13.0,,13.0,,,,,,,,,13.0,,,,13.0,,,,13.0,,,13.0,,,,,,
465,10,,,,,13.0,,,,,,,,,,13.0,13.0,,,,,,,,,,13.0,,,,,13.0,13.0,,,13.0,,13.0,
466,11,13.0,,,,,13.0,,,,,13.0,,,13.0,,13.0,,13.0,13.0,13.0,,,13.0,,,,,,,,,,,,,,,
467,12,,,13.0,,13.0,,,,,,,,13.0,,,,13.0,,,,13.0,,,,,13.0,,13.0,,,,,,13.0,,,13.0,13.0
468,13,,13.0,,,13.0,13.0,13.0,13.0,13.0,,,,13.0,,,,,13.0,,,,,13.0,,,,13.0,,,13.0,,,,,,13.0,,13.0
469,14,13.0,13.0,,13.0,,,13.0,,13.0,13.0,,13.0,,,,,,,13.0,13.0,,,,,13.0,,,,13.0,,,,13.0,,,,,
470,15,13.0,,,,13.0,,,13.0,,,,,,,,13.0,,,13.0,,,,,,,,,13.0,,,,13.0,,13.0,,,,
471,16,,13.0,,,,,,,,13.0,,13.0,,13.0,,13.0,13.0,,,,13.0,,13.0,13.0,,,13.0,,,13.0,,,,,,,13.0,
472,17,,13.0,13.0,,,,,,,,,,,,13.0,,13.0,,,,,,,,13.0,13.0,,,,13.0,,,,,,,,
473,18,13.0,,,,,,,,13.0,,13.0,,13.0,13.0,,,,,,,13.0,,,,13.0,,,,,13.0,,13.0,,,13.0,,13.0,
474,19,,13.0,,,,13.0,,,,,,13.0,13.0,13.0,,,,13.0,13.0,,,,,,13.0,,,,,13.0,,13.0,,,,,13.0,
475,20,,,,,13.0,,13.0,13.0,13.0,,,,,13.0,,13.0,,13.0,13.0,,,13.0,,,13.0,,,13.0,13.0,13.0,13.0,,,,13.0,,,
476,21,,,,,,,13.0,,,,,13.0,,,,13.0,,,,13.0,,,13.0,,13.0,,,,13.0,,,13.0,,13.0,,,,
477,22,,,13.0,,,,,,,,,13.0,,,13.0,,13.0,,,13.0,,,13.0,13.0,,,13.0,,,,,13.0,13.0,,,,13.0,13.0
478,23,,13.0,,13.0,,13.0,13.0,,,,,,,,,13.0,,,,,,13.0,,,,13.0,13.0,13.0,,13.0,,,,13.0,,13.0,13.0,
479,24,,,,,,13.0,13.0,,,,,,,13.0,,13.0,,,13.0,,,,,13.0,,,,,,,13.0,,,13.0,,13.0,,13.0
480,25,,,,,,,13.0,,13.0,13.0,13.0,,,,,,,,,13.0,,13.0,13.0,13.0,,,13.0,13.0,13.0,,,13.0,,,13.0,,,13.0
481,26,13.0,,,,,,,,,,,,,,,,,13.0,,,13.0,13.0,,13.0,,,,13.0,,,,13.0,13.0,,,13.0,,
482,27,,,13.0,,,,,,,,,,13.0,,,13.0,,,,13.0,,13.0,,,,13.0,13.0,,,13.0,,13.0,13.0,,,,,13.0
483,28,,13.0,13.0,13.0,,13.0,,,,,,13.0,,,,,13.0,13.0,13.0,,13.0,,,,,13.0,,,,,,,13.0,13.0,,,,
484,29,,13.0,,,,,,,,,,13.0,13.0,,,,,,,,13.0,,,,,,,,13.0,,,,,,,13.0,,13.0
485,30,,13.0,13.0,13.0,13.0,,,,13.0,13.0,,13.0,,,,13.0,,,,13.0,13.0,,,,13.0,,13.0,13.0,,,,,,,,,,
486,31,13.0,,,,13.0,13.0,,,,,,,13.0,,13.0,,,,,,,13.0,13.0,,,,,13.0,,,13.0,,,,,,,
487,32,,,,13.0,,,13.0,13.0,,13.0,13.0,,13.0,,13.0,,,,13.0,,13.0,,,,13.0,,,13.0,,,13.0,,,,13.0,,,
488,33,,,,13.0,,,,,,,,,,13.0,,,,,,,,,,,,,13.0,13.0,,,,13.0,13.0,,13.0,13.0,13.0,
489,34,,13.0,13.0,,,,,,,13.0,13.0,,13.0,,13.0,,,13.0,,,,,,,,,13.0,,,13.0,,,,,,13.0,,
490,35,,,,,,13.0,13.0,,,,,,,,,,,13.0,,,13.0,13.0,,,,13.0,,,,13.0,13.0,13.0,13.0,13.0,13.0,,,
491,36,13.0,,,,,13.0,,,,,13.0,,13.0,13.0,,,,,,,,,13.0,,13.0,,,,,,,,,13.0,13.0,,,
492,a0,13.0,,,,13.0,,,,,13.0,,,,,,,,13.0,,13.0,,13.0,,13.0,,13.0,13.0,13.0,,,13.0,13.0,,13.0,,,,
493,a00,,,,,,,13.0,13.0,,,,13.0,,,13.0,,,13.0,,,,13.0,,,,,,,,,,,,,13.0,13.0,,
494,1,14.0,,14.0,,14.0,,,14.0,,,,,,,,14.0,,,,14.0,14.0,,,14.0,,,,,,,,,,,,14.0,,
495,2,,,,,,,,,14.0,,,,,,,,,,14.0,,,,,14.0,14.0,14.0,,,,,14.0,,,,,,,
496,3,,,14.0,,,14.0,,,,,14.0,14.0,,,,,,,,,,,,,,14.0,,,,14.0,,,14.0,,14.0,,,14.0
497,4,,,,14.0,,,,,,,,14.0,,14.0,,,,,,,,,14.0,14.0,,,,,,14.0,,14.0,,,,,,
498,5,,,,,,14.0,,,,,,14.0,,,,14.0,,,14.0,,14.0,,14.0,,,14.0,,14.0,,,,,,,,,,
499,6,,,,,14.0,,14.0,,,14.0,,,,,,,,,,,,,14.0,,,,,,,,,14.0,14.0,14.0,14.0,,14.0,
500,7,14.0,,,,,,,,,,14.0,,,14.0,,,,,,,,,,14.0,,,,14.0,14.0,,,,,,,,,
501,8,,14.0,,,14.0,,,,,,,,,,,,,,,,,14.0,14.0,,,,,,,,,,,,,,,
502,9,,,14.0,,,,,,,,,,,,,14.0,,,,,,,,,,,,,,14.0,,,14.0,,,,,14.0
503,10,,14.0,,,,,14.0,,,,,,,,,,,,,,,14.0,,,,,,,,,,,,,,,14.0,
504,11,,,,,,14.0,14.0,,,,,,,,,,,,,,14.0,,,,14.0,,,,,,,14.0,14.0,,,,,14.0
505,12,,14.0,,,,,,,,,14.0,,,,,,,,,,14.0,,,,,14.0,,,,,,14.0,,,,,,
506,13,14.0,,,,,,,,,,,,,,,,,,,,,,14.0,,,,,,,,,,,,,,,14.0
507,14,,14.0,,,,,14.0,,,,,14.0,,,,14.0,,,,,,,,,,,,,14.0,,,14.0,,,,,,
508,15,,,,,,,,,,,,,,,,,,,,,,,,14.0,,,,,,,,,,,14.0,,,
509,16,,,14.0,14.0,,14.0,14.0,,,,,,,,,,,,,,,,,,,14.0,,14.0,,14.0,,,14.0,,,,14.0,
510,17,,,,,,,14.0,,,,,,,,,,,,14.0,,,,,,,,,,,,,,,,14.0,,,
511,18,,,,,,,,,,,,,,,,,,,,,,,,,,,,,,,14.0,,,14.0,,,,
512,19,14.0,,,,,,,,,,,,,,,14.0,,,,,,,,,,,,,,,14.0,,,14.0,,,,
513,20,,,,,,,,,,,,,,,,14.0,,,,,,,,,14.0,,14.0,,14.0,,,,,,,,14.0,
514,21,,,,,,14.0,,,,,14.0,,,,,,14.0,,,,,,,14.0,,,,,,,,,,14.0,,,14.0,14.0
515,22,,,,14.0,,,,,,,,,,,,,,,,,,,14.0,,,,,,,,,,,,14.0,,,
516,23,14.0,,,,14.0,,,,,14.0,,,,,,14.0,14.0,,,14.0,,14.0,14.0,,,,,,,,,,,,14.0,,,14.0
517,24,14.0,,14.0,14.0,,,,,,,,,,14.0,14.0,14.0,14.0,,,14.0,,,,,,14.0,,,,14.0,,,,,,,,
518,25,,,,,,,,14.0,,,,,,,,,,,,,,,,14.0,,,,,14.0,,14.0,,,,,,,
519,26,,,14.0,,14.0,,,,14.0,,,,,14.0,,,,,,,14.0,,14.0,,,,,,,,,,,,,14.0,,14.0
520,27,,,,,,14.0,,,,,14.0,,,,,,,,,14.0,,,,,,,,,,,14.0,,,,,,,
521,28,,,,,,14.0,,,,,,,14.0,,,14.0,,,,,14.0,,,,,,,,,,,14.0,,,,,,
522,29,,,14.0,14.0,14.0,,,,,,,,,14.0,,,,,,,14.0,,,,,,,,,,14.0,,,,,,,
523,30,,,,,,14.0,,,,,,,,14.0,14.0,,,,,,,,,,,,,14.0,14.0,14.0,,,,14.0,,,,
524,31,,,,,14.0,,,14.0,,,,,,,,,,,,,,,,,,14.0,,,,,,14.0,,,14.0,14.0,,
525,32,14.0,14.0,,14.0,,,,,14.0,,14.0,,,,,,,,,14.0,14.0,,14.0,,,,,,,,,,,,,,,
526,33,,14.0,14.0,,,,,,,,,,,,,,,,,,,,,,,,14.0,,,,,,,14.0,,,14.0,
527,34,,,14.0,,,,14.0,,,14.0,,,,,,,,,14.0,,,,,,,14.0,,,14.0,14.0,,14.0,,14.0,,,,
528,35,14.0,,14.0,14.0,,,,,,,14.0,,14.0,,,,,,,,,,14.0,,,,14.0,,,,,,,14.0,,,,
529,36,,,,,14.0,,,,,,,,,,,,,14.0,,,,,14.0,,,,,,,,,,,,,,,
530,a0,,,,,,,,14.0,14.0,,,,14.0,,,,,14.0,14.0,,,,,14.0,14.0,,,,,14.0,14.0,,,,,,,
531,a00,,,14.0,,,,,,14.0,14.0,,14.0,,,,14.0,,,,,,,,,,,14.0,,,14.0,14.0,,,,,,,
532,1,,,,,,,,15.0,,,,,15.0,,,,,,,,,,,,,,,15.0,,,15.0,,15.0,,,,,
533,2,15.0,,,15.0,,,,,,,,,,,15.0,15.0,15.0,,,,,,15.0,15.0,,,,,,,,,15.0,15.0,,,,
534,3,,,,,,,,15.0,,,15.0,,,,,,,,,,,,,15.0,,,15.0,,,,15.0,15.0,,,,15.0,,
535,4,,,,,,,15.0,,15.0,15.0,,,,,,,,,15.0,,,,,,,,,,15.0,,,,,,15.0,,,
536,5,,15.0,,,,15.0,,15.0,,,,15.0,,,,,,,,,,,,,,,,,,,,,,,,,,
537,6,,15.0,15.0,,,,,15.0,,15.0,,,,,,,,,,,,,,15.0,,15.0,,,,,,,,,,,,
538,7,,,,,,,,,15.0,,15.0,,,,,15.0,,,,,,,,,,,,,,,15.0,,,,,,,
539,8,,,15.0,,,,,,,,,,,15.0,,15.0,,,15.0,,,,,,,,,,15.0,,15.0,15.0,,15.0,,15.0,,
540,9,,,,15.0,,,,,15.0,15.0,,,,,,,15.0,,,,,,15.0,,,,,,,,,,15.0,,,15.0,,15.0
541,10,,15.0,15.0,,,,,,15.0,,,,,,,15.0,,15.0,15.0,,,,,,,15.0,,,,15.0,15.0,,,,15.0,15.0,,
542,11,,,,,,15.0,15.0,,,,,,,,,,,,,,,,,15.0,,,,15.0,,15.0,15.0,15.0,,,15.0,,,15.0
543,12,,,,,,,,,,,,,,,,,,,,,,,,,,,,15.0,,,,,,15.0,15.0,,15.0,
544,13,,,,,,,,,15.0,15.0,,,15.0,15.0,,,,,,,,,,15.0,,,,,,,15.0,,,,,,,
545,14,,15.0,15.0,15.0,,,,,,15.0,,,,15.0,,,15.0,,,,,,,,,,,,,,,,,,,,,15.0
546,15,15.0,,15.0,,15.0,,,,,,,,,,,,,,,,,,,,,,,,,,,,,15.0,,,,
547,16,,,,,,,,,,,,,,,15.0,15.0,15.0,,,,15.0,,,,15.0,,,,,15.0,15.0,,,15.0,,,,
548,17,,,15.0,,,15.0,,,,15.0,,,15.0,,,,15.0,,15.0,,15.0,,15.0,,,,,,,,,15.0,,,,,,
549,18,,,,15.0,,,,,,,15.0,,,,,15.0,,,,,15.0,,,,,,,,,,,,,,,15.0,,
550,19,,,,15.0,,,,,,15.0,15.0,,15.0,15.0,,,,,15.0,,,,,15.0,,,,,,,,,,,,,,15.0
551,20,,,,,,,,,,,,,,,,,,,,,,,15.0,,15.0,,,,,,,,,,,,,
552,21,,,,,,,,15.0,,,15.0,,,15.0,,,15.0,,15.0,,,,,,,,15.0,,,,,,15.0,,,,,
553,22,,15.0,,,,,,,,,15.0,,,,,,,,,,,,,,,,,,,,,,,,,,,
554,23,,,,,,,,,,,,,,,,,,,,,,,,,15.0,,,,15.0,15.0,,,,,,,15.0,
555,24,,,,,,15.0,,,,15.0,15.0,,,15.0,,,,,,,,,,,,,,,,,15.0,,,,,,15.0,
556,25,,,,,,,,,,,,,,,,,,,,,15.0,,15.0,,,,,,15.0,,,15.0,,,,,,15.0
557,26,,,,,,,,15.0,,15.0,,,,,,,,15.0,,15.0,,,,,,,,,,,,,,,,,,
558,27,,,15.0,,,,,,,,15.0,15.0,,,15.0,,,,,,,15.0,,,,,15.0,,,,,15.0,,,,,,
559,28,,,,,,,,,,,,,15.0,,,,,,,,,,,,,,,,15.0,,15.0,,,,15.0,,,
560,29,15.0,,,15.0,,,,,15.0,,,,,,,,15.0,15.0,15.0,,,,,,,,,,,,,,,,,,,
561,30,,,,,15.0,,,,15.0,15.0,,15.0,,15.0,,,,,,,,15.0,,,15.0,,,15.0,,15.0,,,,,,15.0,,
562,31,,,15.0,15.0,15.0,,,,,,,,,,15.0,,15.0,,15.0,15.0,,,,,,,15.0,15.0,,,,,,,15.0,,15.0,
563,32,,15.0,,,15.0,,15.0,,,,,,,,,,15.0,,,,,,,,,,,,,,,,,,,,15.0,
564,33,,,,,,15.0,,15.0,15.0,,15.0,,,,,,,,,,,,,,,15.0,,,,,,,,,,,,
565,34,15.0,,,,,,,,,,,,,15.0,,,,,15.0,,15.0,,,,,,,,,15.0,,,15.0,,,15.0,,
566,35,,,,,,,,15.0,,,,15.0,,,,15.0,,,,,15.0,,,,,15.0,,,,15.0,,,15.0,,,,,
567,36,15.0,15.0,,,,,,,,,,,15.0,15.0,,,,,,,15.0,,,,,,,,,15.0,15.0,,,15.0,15.0,,,
568,a0,,15.0,,,,,,15.0,,,,,,,,,,,,,,,,,,,15.0,,,15.0,,,,,,15.0,,
569,a00,,,,,,,,,,,,,,,,,,15.0,,,,,,,,,15.0,,,,15.0,,,,,15.0,,15.0
570,1,16.0,,16.0,,,,16.0,,16.0,,,16.0,,16.0,16.0,16.0,,,,,,,16.0,16.0,16.0,,,,,16.0,,,,,16.0,16.0,16.0,
571,2,,,16.0,,16.0,,,,,,,,,,,16.0,,,,16.0,,16.0,,16.0,,,16.0,16.0,,,,,16.0,,,,,16.0
572,3,,,,,16.0,,16.0,16.0,16.0,,,,,,16.0,,16.0,,,16.0,16.0,,,,,,,,16.0,,,,16.0,16.0,,,,
573,4,16.0,,,16.0,,,16.0,,,16.0,,16.0,16.0,,,,,,,16.0,,,16.0,16.0,,,,16.0,,,,,,,,,,16.0
574,5,16.0,,,,16.0,16.0,,16.0,,,,,,16.0,,,16.0,,,16.0,,,16.0,16.0,16.0,16.0,,,,,,16.0,16.0,16.0,16.0,,,16.0
575,6,,,16.0,,,,,,16.0,16.0,,,,16.0,,,,16.0,,16.0,,,,16.0,16.0,16.0,,16.0,,,,,,,,,,
576,7,,,,,,,,,16.0,16.0,,,,16.0,16.0,,,16.0,,,,,,,,,16.0,,,,,,,16.0,,16.0,,
577,8,,,,,16.0,16.0,16.0,16.0,16.0,,16.0,,,,,,,,,,,16.0,,,,,16.0,,16.0,,,,,,,,,16.0
578,9,16.0,,16.0,,,,16.0,,,16.0,16.0,,,,,16.0,,,16.0,16.0,,16.0,16.0,16.0,16.0,16.0,,,,16.0,,16.0,,,,,,
579,10,,,,,,,,16.0,16.0,,,,16.0,16.0,,,16.0,16.0,,,,,,,16.0,,16.0,,,,,,,,16.0,16.0,,
580,11,,,,16.0,16.0,,,,16.0,,16.0,,,,,,,,,16.0,,,,,,,,16.0,,,,,16.0,,16.0,,16.0,
581,12,,,,,16.0,,,,,,,,,,,,,,,,16.0,,,,,,16.0,16.0,,,,16.0,,,,,,
582,13,,16.0,,,16.0,,,,,16.0,,,16.0,,,,,,,,,,16.0,,16.0,,,,,,16.0,16.0,,,16.0,,,
583,14,,,,,,,16.0,,,,,,,16.0,,16.0,,,,16.0,,,16.0,16.0,,16.0,,16.0,,16.0,,,,,16.0,16.0,,
584,15,,,,16.0,16.0,16.0,,,16.0,,16.0,16.0,16.0,,,,16.0,16.0,,,,,,,16.0,,,,,,,,,,,,,
585,16,,,,,,,,,16.0,,,,,,16.0,16.0,,16.0,,,,,,16.0,,,16.0,,16.0,,,16.0,,16.0,16.0,,,
586,17,,,,,16.0,16.0,,,,16.0,,,16.0,,,,16.0,16.0,,,,16.0,,,16.0,16.0,16.0,,,,,16.0,,,,,,16.0
587,18,16.0,16.0,,,,16.0,16.0,,,,,,,,,,16.0,16.0,,,16.0,,,,,16.0,,,16.0,,16.0,,16.0,,,16.0,,
588,19,,16.0,,,,,,16.0,,16.0,16.0,,16.0,,,,16.0,,,16.0,,,,,,,,,,,,,,16.0,,16.0,,
589,20,,16.0,,,16.0,,,,,,16.0,16.0,,16.0,16.0,16.0,,,16.0,16.0,,,,,,,,,,,16.0,16.0,16.0,,16.0,16.0,16.0,
590,21,,,,16.0,,,,,16.0,,,,,,,,16.0,,,,16.0,16.0,,,,,,16.0,,,,,16.0,,16.0,,,
591,22,16.0,,,,,,,,,,,,,16.0,,16.0,,,,,,,16.0,,16.0,,,,,16.0,,,,,,,,16.0
592,23,,,16.0,,,,,,,16.0,,,16.0,,,,,,,16.0,,16.0,,,16.0,,,,16.0,,,,16.0,16.0,16.0,16.0,,
593,24,,,,16.0,16.0,,,,16.0,,,,,,,16.0,,16.0,16.0,16.0,,,16.0,16.0,,,,16.0,,16.0,16.0,,,,,,,16.0
594,25,16.0,,,,,16.0,,,16.0,,16.0,,,16.0,16.0,16.0,,,16.0,,16.0,,16.0,,,,,,16.0,,16.0,16.0,,,,,16.0,
595,26,,,16.0,16.0,,,,,16.0,16.0,,,,,,,,,16.0,,,,,,,,,,16.0,,,,,,,16.0,,
596,27,16.0,16.0,,16.0,,,,,16.0,,,,,,,,,,,,16.0,16.0,,16.0,16.0,,,,,16.0,,,,,,,,
597,28,,16.0,,,,16.0,,16.0,,,,,,16.0,,,,,16.0,16.0,,16.0,16.0,16.0,,,16.0,16.0,,16.0,,,16.0,16.0,,,,
598,29,,,,,16.0,,,16.0,,,,,,,,,16.0,,,,,,,,,,,,16.0,,16.0,,16.0,,16.0,,16.0,
599,30,,,,,16.0,16.0,,16.0,16.0,,,,,,,16.0,,,,16.0,,,,,16.0,,16.0,16.0,,16.0,,,,16.0,,16.0,16.0,
600,31,16.0,,16.0,,16.0,,,,,,16.0,,16.0,,16.0,,,,,,,,,,16.0,,,,,,,,,,,,16.0,
601,32,,,16.0,,,16.0,,16.0,,,,,,,,,,16.0,,,,16.0,16.0,,,,,,,,,,,,,16.0,16.0,
602,33,16.0,,16.0,,,16.0,,,,16.0,,,,,,16.0,,,16.0,,,,16.0,,16.0,,,16.0,,16.0,,,,,,,,16.0
603,34,16.0,,,,,,,,16.0,,,,,,16.0,,16.0,16.0,,,,,16.0,,,,16.0,16.0,16.0,,,,,16.0,,,,16.0
604,35,16.0,,,16.0,,,16.0,,,,,16.0,,,16.0,,,16.0,16.0,16.0,,,,,,16.0,16.0,16.0,,16.0,16.0,,,16.0,,,,16.0
605,36,,,16.0,,,,,,,,16.0,,,,,,16.0,16.0,,,,,16.0,,,,16.0,16.0,,16.0,16.0,,16.0,,,16.0,,
606,a0,,,,,16.0,,,,16.0,,,,,,,16.0,,,16.0,16.0,,,16.0,,,,,16.0,,,,,,,16.0,16.0,,16.0
607,a00,,16.0,,,,,16.0,,,,,,,16.0,,,,,,,16.0,,,16.0,16.0,16.0,,,,16.0,,,,,,,16.0,
608,1,17.0,,17.0,,,,17.0,,17.0,,,17.0,,17.0,17.0,17.0,,,,,,,17.0,17.0,17.0,,,,,17.0,,,,,17.0,17.0,17.0,
609,2,,,17.0,,17.0,,,,,,,,,,,17.0,,,,17.0,,17.0,,17.0,,,17.0,17.0,,,,,17.0,,,,,17.0
610,3,,,,,17.0,,17.0,17.0,17.0,,,,,,17.0,,17.0,,,17.0,17.0,,,,,,,,17.0,,,,17.0,17.0,,,,
611,4,17.0,,,17.0,,,17.0,,,17.0,,17.0,17.0,,,,,,,17.0,,,17.0,17.0,,,,17.0,,,,,,,,,,17.0
612,5,17.0,,,,17.0,17.0,,17.0,,,,,,17.0,,,17.0,,,17.0,,,17.0,17.0,17.0,17.0,,,,,,17.0,17.0,17.0,17.0,,,17.0
613,6,,,17.0,,,,,,17.0,17.0,,,,17.0,,,,17.0,,17.0,,,,17.0,17.0,17.0,,17.0,,,,,,,,,,
614,7,,,,,,,,,17.0,17.0,,,,17.0,17.0,,,17.0,,,,,,,,,17.0,,,,,,,17.0,,17.0,,
615,8,,,,,17.0,17.0,17.0,17.0,17.0,,17.0,,,,,,,,,,,17.0,,,,,17.0,,17.0,,,,,,,,,17.0
616,9,17.0,,17.0,,,,17.0,,,17.0,17.0,,,,,17.0,,,17.0,17.0,,17.0,17.0,17.0,17.0,17.0,,,,17.0,,17.0,,,,,,
617,10,,,,,,,,17.0,17.0,,,,17.0,17.0,,,17.0,17.0,,,,,,,17.0,,17.0,,,,,,,,17.0,17.0,,
618,11,,,,17.0,17.0,,,,17.0,,17.0,,,,,,,,,17.0,,,,,,,,17.0,,,,,17.0,,17.0,,17.0,
619,12,,,,,17.0,,,,,,,,,,,,,,,,17.0,,,,,,17.0,17.0,,,,17.0,,,,,,
620,13,,17.0,,,17.0,,,,,17.0,,,17.0,,,,,,,,,,17.0,,17.0,,,,,,17.0,17.0,,,17.0,,,
621,14,,,,,,,17.0,,,,,,,17.0,,17.0,,,,17.0,,,17.0,17.0,,17.0,,17.0,,17.0,,,,,17.0,17.0,,
622,15,,,,17.0,17.0,17.0,,,17.0,,17.0,17.0,17.0,,,,17.0,17.0,,,,,,,17.0,,,,,,,,,,,,,
623,16,,,,,,,,,17.0,,,,,,17.0,17.0,,17.0,,,,,,17.0,,,17.0,,17.0,,,17.0,,17.0,17.0,,,
624,17,,,,,17.0,17.0,,,,17.0,,,17.0,,,,17.0,17.0,,,,17.0,,,17.0,17.0,17.0,,,,,17.0,,,,,,17.0
625,18,17.0,17.0,,,,17.0,17.0,,,,,,,,,,17.0,17.0,,,17.0,,,,,17.0,,,17.0,,17.0,,17.0,,,17.0,,
626,19,,17.0,,,,,,17.0,,17.0,17.0,,17.0,,,,17.0,,,17.0,,,,,,,,,,,,,,17.0,,17.0,,
627,20,,17.0,,,17.0,,,,,,17.0,17.0,,17.0,17.0,17.0,,,17.0,17.0,,,,,,,,,,,17.0,17.0,17.0,,17.0,17.0,17.0,
628,21,,,,17.0,,,,,17.0,,,,,,,,17.0,,,,17.0,17.0,,,,,,17.0,,,,,17.0,,17.0,,,
629,22,17.0,,,,,,,,,,,,,17.0,,17.0,,,,,,,17.0,,17.0,,,,,17.0,,,,,,,,17.0
630,23,,,17.0,,,,,,,17.0,,,17.0,,,,,,,17.0,,17.0,,,17.0,,,,17.0,,,,17.0,17.0,17.0,17.0,,
631,24,,,,17.0,17.0,,,,17.0,,,,,,,17.0,,17.0,17.0,17.0,,,17.0,17.0,,,,17.0,,17.0,17.0,,,,,,,17.0
632,25,17.0,,,,,17.0,,,17.0,,17.0,,,17.0,17.0,17.0,,,17.0,,17.0,,17.0,,,,,,17.0,,17.0,17.0,,,,,17.0,
633,26,,,17.0,17.0,,,,,17.0,17.0,,,,,,,,,17.0,,,,,,,,,,17.0,,,,,,,17.0,,
634,27,17.0,17.0,,17.0,,,,,17.0,,,,,,,,,,,,17.0,17.0,,17.0,17.0,,,,,17.0,,,,,,,,
635,28,,17.0,,,,17.0,,17.0,,,,,,17.0,,,,,17.0,17.0,,17.0,17.0,17.0,,,17.0,17.0,,17.0,,,17.0,17.0,,,,
636,29,,,,,17.0,,,17.0,,,,,,,,,17.0,,,,,,,,,,,,17.0,,17.0,,17.0,,17.0,,17.0,
637,30,,,,,17.0,17.0,,17.0,17.0,,,,,,,17.0,,,,17.0,,,,,17.0,,17.0,17.0,,17.0,,,,17.0,,17.0,17.0,
638,31,17.0,,17.0,,17.0,,,,,,17.0,,17.0,,17.0,,,,,,,,,,17.0,,,,,,,,,,,,17.0,
639,32,,,17.0,,,17.0,,17.0,,,,,,,,,,17.0,,,,17.0,17.0,,,,,,,,,,,,,17.0,17.0,
640,33,17.0,,17.0,,,17.0,,,,17.0,,,,,,17.0,,,17.0,,,,17.0,,17.0,,,17.0,,17.0,,,,,,,,17.0
641,34,17.0,,,,,,,,17.0,,,,,,17.0,,17.0,17.0,,,,,17.0,,,,17.0,17.0,17.0,,,,,17.0,,,,17.0
642,35,17.0,,,17.0,,,17.0,,,,,17.0,,,17.0,,,17.0,17.0,17.0,,,,,,17.0,17.0,17.0,,17.0,17.0,,,17.0,,,,17.0
643,36,,,17.0,,,,,,,,17.0,,,,,,17.0,17.0,,,,,17.0,,,,17.0,17.0,,17.0,17.0,,17.0,,,17.0,,
644,a0,,,,,17.0,,,,17.0,,,,,,,17.0,,,17.0,17.0,,,17.0,,,,,17.0,,,,,,,17.0,17.0,,17.0
645,a00,,17.0,,,,,17.0,,,,,,,17.0,,,,,,,17.0,,,17.0,17.0,17.0,,,,17.0,,,,,,,17.0,
